order,dart_id,id_clean,barcode9l,barcode,genus,species,region,country
DNote20-5178,2117695,HMA-NC_179-2117695,GAACAACGTTGTGCA,GAACAACGTTG,Hydrophis,major,New Caledonia,New Caledonia
DNote20-5178,2117696,HMA-KLS1020-2117696,GCCATTGCCAGTGCA,GCCATTGCCAG,Hydrophis,major,Broome,Australia
DNote20-5178,2117697,HMA-KLS0631-2117697,CGGAAGTCCGTGCAG,CGGAAGTCCG,Hydrophis,major,Broome,Australia
DNote20-5178,2117698,HMA-KLS0647-2117698,ACTGGATATCGCGGT,ACTGGATATCGCGG,Hydrophis,major,Broome,Australia
DNote20-5178,2117699,HMA-KLS0629-2117699,TGACACCAGCATTGC,TGACACCAGCAT,Hydrophis,major,Broome,Australia
DNote20-5178,2117700,HMA-KLS0662-2117700,GTCTTCGCTGGTGCA,GTCTTCGCTGG,Hydrophis,major,Broome,Australia
DNote20-5178,2117701,HMA-KLS1016-2117701,AAGCGTGCTGACAAT,AAGCGTGCTGACAA,Hydrophis,major,Broome,Australia
DNote20-5178,2117702,HMA-VU55-2117702,AATCGTCATATGCAG,AATCGTCATA,Hydrophis,major,Eighty Mile Beach,Australia
DNote20-5178,2117703,HMA-NC_173-2117703,ACTAACCATGTGCAG,ACTAACCATG,Hydrophis,major,New Caledonia,New Caledonia
DNote20-5178,2117705,HMA-VU61-2117705,CTGATAATCCATGCA,CTGATAATCCA,Hydrophis,major,Eighty Mile Beach,Australia
DNote20-5178,2117709,HMA-KLS0901-2117709,GATACAGCACGGTGC,GATACAGCACGG,Hydrophis,major,Exmouth Gulf,Australia
DNote20-5178,2117710,HMA-NC_189-2117710,TCAATGCATCAATGC,TCAATGCATCAA,Hydrophis,major,New Caledonia,New Caledonia
DNote20-5178,2117711,HMA-NC_181-2117711,ACGGTTCCGAATAAT,ACGGTTCCGAATAA,Hydrophis,major,New Caledonia,New Caledonia
DNote20-5178,2117712,HMA-KLS0762-2117712,ATGATCGTATTGTGC,ATGATCGTATTG,Hydrophis,major,Broome,Australia
DNote20-5178,2117713,HMA-NC_180-2117713,TGGTGATGTGGTGCA,TGGTGATGTGG,Hydrophis,major,New Caledonia,New Caledonia
DNote20-5178,2117714,HMA-NC_176-2117714,AGCCTATTACTTAGT,AGCCTATTACTTAG,Hydrophis,major,New Caledonia,New Caledonia
DNote20-5178,2117715,HMA-KLS0652-2117715,CACAATATGAGGTTG,CACAATATGAGGT,Hydrophis,major,Broome,Australia
DNote20-5178,2117717,HMA-KLS0630-2117717,TCTGGTTCCGTGCAG,TCTGGTTCCG,Hydrophis,major,Broome,Australia
DNote20-5178,2117719,HMA-KLS0633-2117719,GTAGCATTATCTATG,GTAGCATTATCTA,Hydrophis,major,Broome,Australia
DNote20-5178,2117720,HMA-KLS1017-2117720,TCTAGAAGCGTGCAG,TCTAGAAGCG,Hydrophis,major,Broome,Australia
DNote20-5178,2117723,HMA-SS171024_01-2117723,GAAGGAACGAGATTG,GAAGGAACGAGAT,Hydrophis,major,Pilbara,Australia
DNote20-5178,2117725,HMA-NC_166-2117725,TGCAATCTATCTCTT,TGCAATCTATCTCT,Hydrophis,major,New Caledonia,New Caledonia
DNote20-5178,2117726,HMA-NC_167-2117726,GATCCACAATAGATG,GATCCACAATAGA,Hydrophis,major,New Caledonia,New Caledonia
DNote20-5178,2117727,HMA-KLS0801-2117727,AGCAACGTGGTGCAG,AGCAACGTGG,Hydrophis,major,Exmouth Gulf,Australia
DNote20-5178,2117728,HMA-SS170809_02-2117728,ATTGACTTCGTGCAG,ATTGACTTCG,Hydrophis,major,Pilbara,Australia
DNote20-5178,2117729,HMA-NC_169-2117729,TCCAAGAACATTCTT,TCCAAGAACATTCT,Hydrophis,major,New Caledonia,New Caledonia
DNote20-5178,2117730,HMA-KLS0813-2117730,ATATTAGGTATGTGC,ATATTAGGTATG,Hydrophis,major,Exmouth Gulf,Australia
DNote20-5178,2117731,HMA-KLS0799-2117731,GTCGTCAACATTATG,GTCGTCAACATTA,Hydrophis,major,Exmouth Gulf,Australia
DNote20-5178,2117733,HMA-KLS0798-2117733,CTGTCTTCGCTTGCA,CTGTCTTCGCT,Hydrophis,major,Exmouth Gulf,Australia
DNote20-5178,2117735,HMA-KLS0676-2117735,GCTTGGAAGTTGCAG,GCTTGGAAGT,Hydrophis,major,Broome,Australia
DNote20-5178,2117736,HMA-WAMR154978-2117736,AATACGACTACCATG,AATACGACTACCA,Hydrophis,major,Shark Bay,Australia
DNote20-5178,2117740,HMA-KLS0808-2117740,TTGCGTTATCATGCA,TTGCGTTATCA,Hydrophis,major,Exmouth Gulf,Australia
DNote20-5178,2117742,HMA-MAGNT-R36643-2117742,CTAACCAATGTCTTG,CTAACCAATGTCT,Hydrophis,major,NA,Australia
DNote20-5178,2117743,HMA-NC_174-2117743,GCACCTATCGCAGTG,GCACCTATCGCAG,Hydrophis,major,New Caledonia,New Caledonia
DNote20-5178,2117744,HMA-KLS0933-2117744,GCCATATCTAACGTT,GCCATATCTAACGT,Hydrophis,major,Exmouth Gulf,Australia
DNote20-5178,2117745,HMA-KLS0898-2117745,AGTAAGTATGGTGCA,AGTAAGTATGG,Hydrophis,major,Exmouth Gulf,Australia
DNote20-5178,2117746,HMA-SS170814_02-2117746,AGAGTCTGCCTAGTT,AGAGTCTGCCTAGT,Hydrophis,major,Pilbara,Australia
DNote20-5178,2117747,HMA-SS170820_01-2117747,GAATGAGGAGTGCAG,GAATGAGGAG,Hydrophis,major,Pilbara,Australia
DNote20-5178,2117748,HMA-SS170818_01-2117748,ACTGGTCGCTGTTGC,ACTGGTCGCTGT,Hydrophis,major,Pilbara,Australia
DNote20-5178,2117749,HMA-KLS0913-2117749,GTCAGGCTTGGTGCA,GTCAGGCTTGG,Hydrophis,major,Exmouth Gulf,Australia
DNote20-5178,2117751,HMA-SS170812_01-2117751,AGTATCTCTAATGCA,AGTATCTCTAA,Hydrophis,major,Pilbara,Australia
DNote20-5178,2117752,HMA-R154981-2117752,TAGAGGTTGACGGTG,TAGAGGTTGACGG,Hydrophis,major,Shark Bay,Australia
DNote20-5178,2117754,HMA-VU46-2117754,GATCAATCTATGCAG,GATCAATCTA,Hydrophis,major,Dampier Peninsula,Australia
DNote20-5178,2117760,HMA-R36982-2117760,CGCTGCGTGATTATG,CGCTGCGTGATTA,Hydrophis,major,Gulf of Carpentaria,Australia
DNote20-5178,2117761,HMA-R37004-2117761,CCGATTCCTATGCAG,CCGATTCCTA,Hydrophis,major,Gulf of Carpentaria,Australia
DNote20-5178,2117762,HMA-R37005-2117762,CTTGGCTTAGTTCGT,CTTGGCTTAGTTCG,Hydrophis,major,Gulf of Carpentaria,Australia
DNote20-5178,2117763,HMA-R37023-2117763,CACATATGGTATGCA,CACATATGGTA,Hydrophis,major,Gulf of Carpentaria,Australia
DNote20-5178,2117764,HMA-R37031-2117764,ATTGTCTTCGCGTGC,ATTGTCTTCGCG,Hydrophis,major,Gulf of Carpentaria,Australia
DNote20-5178,2117765,HMA-R37037-2117765,GTGCCATGACTTGCA,GTGCCATGACT,Hydrophis,major,Gulf of Carpentaria,Australia
DNote20-5178,2117766,HMA-R37138-2117766,CAGCGGCTTCATGTG,CAGCGGCTTCATG,Hydrophis,major,Gulf of Carpentaria,Australia
DNote20-5178,2117767,HMA-R36496-2117767,GCCGAGGAAGTGCAG,GCCGAGGAAG,Hydrophis,major,Gulf of Carpentaria,Australia
DNote20-5178,2117798,HMA-R36640-2117798,TGGACGAAGTGACTT,TGGACGAAGTGACT,Hydrophis,major,Gulf of Carpentaria,Australia
DNote20-5178,2117816,ALA-NC_2019_247-2117816,CCACCGTAAGGCTTG,CCACCGTAAGGCT,Aipysurus,laevis,New Caledonia,New Caledonia
DNote20-5178,2117818,ALA-NC_2019_217-2117818,GTGATTGTGCGAATG,GTGATTGTGCGAA,Aipysurus,laevis,New Caledonia,New Caledonia
DNote20-5178,2117819,HMA-R29873-2117819,TGTATTCTCTCGTGC,TGTATTCTCTCG,Hydrophis,major,Gulf of Carpentaria,Australia
DNote20-5178,2117828,HMA-J88474-2117828,GAAGTTATGTGATGC,GAAGTTATGTGA,Hydrophis,major,Fraser Island,Australia
DNote20-5178,2117836,HMA-R29875-2117836,GAAGGCTACGTGCAG,GAAGGCTACG,Hydrophis,major,Gulf of Carpentaria,Australia
DNote20-5178,2117840,HMA-R36660-2117840,TTGAACTTGATTGCA,TTGAACTTGAT,Hydrophis,major,Gulf of Carpentaria,Australia
DNote20-5178,2117844,HMA-R36656-2117844,GTTACCAGATAGGTG,GTTACCAGATAGG,Hydrophis,major,Gulf of Carpentaria,Australia
DNote20-5178,2117845,HMA-J87202-2117845,TCGGTAGCAATATGC,TCGGTAGCAATA,Hydrophis,major,Fraser Island,Australia
DNote20-5178,2117846,HMA-J87200-2117846,TCTAACTCAGTGCAG,TCTAACTCAG,Hydrophis,major,Fraser Island,Australia
DNote20-5178,2117859,HMA-J84471-2117859,CATCACTATTACCGT,CATCACTATTACCG,Hydrophis,major,Gulf of Carpentaria,Australia
DNote20-5178,2117861,HMA-J89073-2117861,GAACTGTGAATGCAG,GAACTGTGAA,Hydrophis,major,Fraser Island,Australia
DNote20-5178,2133027,HMA-R36982-2133027,GAGCCAGCAGCCGAT,GAGCCAGCAGCCGA,Hydrophis,major,Gulf of Carpentaria,Australia
DNote20-5178,2133028,HMA-R37004-2133028,GTGTTGTTGCAGGTG,GTGTTGTTGCAGG,Hydrophis,major,Gulf of Carpentaria,Australia
DNote20-5178,2133029,HMA-R37005-2133029,GCGTGTGCGTCCATG,GCGTGTGCGTCCA,Hydrophis,major,Gulf of Carpentaria,Australia
DNote20-5178,2133030,HMA-R37023-2133030,AGTATCGTGAGACTT,AGTATCGTGAGACT,Hydrophis,major,Gulf of Carpentaria,Australia
DNote20-5178,2133031,HMA-R37031-2133031,TGCAGGCTCCTGTGC,TGCAGGCTCCTG,Hydrophis,major,Gulf of Carpentaria,Australia
DNote20-5178,2133032,HMA-R37037-2133032,TTCTGTGGTAATATG,TTCTGTGGTAATA,Hydrophis,major,Gulf of Carpentaria,Australia
DNote20-5178,2133033,HMA-R37138-2133033,TAGTAGTCTTCCATG,TAGTAGTCTTCCA,Hydrophis,major,Gulf of Carpentaria,Australia
DNote20-5178,2133034,HMA-R36496-2133034,AGATCACGCATATGC,AGATCACGCATA,Hydrophis,major,Gulf of Carpentaria,Australia
DNote20-5178,2133089,ALA-KLS1121-2133089,GACTCGGATAAGTGC,GACTCGGATAAG,NA,NA,NA,NA
DNote20-5178,2133095,HMA-J88474-2133095,AGGAGATCGCTATGC,AGGAGATCGCTA,Hydrophis,major,Fraser Island,Australia
DNote20-5178,2133113,HMA-J87200-2133113,TTATATAGGCACAGT,TTATATAGGCACAG,Hydrophis,major,Fraser Island,Australia
DNote21-6332,2562110,HST-MW04720-2562110,ACAGAGACCGCGGTG,ACAGAGACCGCGG,Hydrophis,stokesii,SULAWESI SELATAN,Indonesia
DNote21-6332,2562113,HST-MW04488-2562113,TTCGCCGCGGTCATG,TTCGCCGCGGTCA,Hydrophis,stokesii,Weipa,Australia
DNote21-6332,2562114,ALA-VU132-2562114,AGCCATCACGGTGCA,AGCCATCACGG,Aipysurus,laevis,Heywood Shoal,Australia
DNote21-6332,2562116,HST-VU127-2562116,AGACGCGGACAGTGC,AGACGCGGACAG,Hydrophis,stokesii,Heywood Shoal,Australia
DNote21-6332,2562119,HST-MW04726-2562119,GAGTCGGCGGATATG,GAGTCGGCGGATA,Hydrophis,stokesii,SULAWESI SELATAN,INDONESIA
DNote21-6332,2562122,ALA-VU121-2562122,ACCGTGAATGTGCAG,ACCGTGAATG,Aipysurus,laevis,Heywood Shoal,Australia
DNote21-6332,2562133,ALA-NC_Jan2019_208-2562133,GATTCTCAACGGCTT,GATTCTCAACGGCT,Aipysurus,laevis,New Caledonia,New Caledonia
DNote21-6332,2562143,ALA-NC_Jan2019_282-2562143,TCGTATGTCAACTTG,TCGTATGTCAACT,Aipysurus,laevis,New Caledonia,New Caledonia
DNote21-6332,2562146,APO-KLS1002-2562146,GAATAAGTTCGGTGC,GAATAAGTTCGG,Aipysurus,pooleorum,Exmouth Gulf,Australia
DNote21-6332,2562169,HMA-WAM-R154981-2562169,TATATCACAGATGCA,TATATCACAGA,Hydrophis,major,Shark Bay,Australia
DNote21-6332,2562180,HST-KLS0635-2562180,TCCATGGACGATGCA,TCCATGGACGA,Hydrophis,stokesii,Broome,Australia
DNote21-6332,2562181,ALA-Al4-2562181,TCGGAATCCAGTGCA,TCGGAATCCAG,Aipysurus,laevis,Ashmore Reef,Australia
DNote21-6332,2562199,HST-KLS0794-2562199,ATCAGGAGTGCTGTG,ATCAGGAGTGCTG,Hydrophis,stokesii,Exmouth Gulf,Australia
DNote21-6332,2562201,ALA-VU130-2562201,GTGGCGACCTGTCAT,GTGGCGACCTGTCA,Aipysurus,laevis,Heywood Shoal,Australia
DNote21-6332,2562206,ALA-SS170816-01-2562206,TTCATCCACCGTGCA,TTCATCCACCG,Aipysurus,laevis,Pilbara,Australia
DNote21-6332,2562207,HMA-WAM-R154978-2562207,AGGCAATGCATATAT,AGGCAATGCATATA,Hydrophis,major,Shark Bay,Australia
DNote21-6332,2562208,HST-SS170814-01-2562208,ACTCTCGGCTTGCAG,ACTCTCGGCT,Hydrophis,stokesii,Pilbara,Australia
DNote21-6332,2562216,HST-KLS0636-2562216,AGGCAACGTGTTGCA,AGGCAACGTGT,Hydrophis,stokesii,Broome,Australia
DNote21-6332,2562217,ALA-SS170820-01-2562217,ATCTATAGTCGTCTT,ATCTATAGTCGTCT,Aipysurus,laevis,Pilbara,Australia
DNote21-6332,2562218,ALA-SS170808-01-2562218,TTCAAGAGCGGTTGC,TTCAAGAGCGGT,Aipysurus,laevis,Pilbara,Australia
DNote21-6332,2562233,ATE-SS171020-04-2562233,TCGGTTGAGCGTGCA,TCGGTTGAGCG,Aipysurus,tenuis,Pilbara,Australia
DNote21-6332,2562238,HST-VU141-2562238,CGGCGTGACGTTGCA,CGGCGTGACGT,Hydrophis,stokesii,Heywood Shoal,Australia
DNote21-6332,2562256,HST-KLS0362-2562256,TGCTAAGTGAGTTGC,TGCTAAGTGAGT,Hydrophis,stokesii,Hibernia Reef,Australia
DNote21-6332,2562259,ALA-R29880-2562259,ATGTTCGTGTGTGCA,ATGTTCGTGTG,Aipysurus,laevis,Gulf of Carpentaria,Australia
DNote21-6332,2562260,HST-J82337-2562260,TGTATGGCGATTGCA,TGTATGGCGAT,Hydrophis,stokesii,NA,NA
DNote21-6332,2562264,HMA-WAM-R154980-2562264,CCTACTAACTGTGCA,CCTACTAACTG,Hydrophis,major,Shark Bay,Australia
DNote21-6332,2562269,ALA-MAGNT-R36654-2562269,TTCGGCAGCGGAGTG,TTCGGCAGCGGAG,Aipysurus,laevis,Gulf of Carpentaria,Australia
DNote21-6332,2562274,HST-KLS0360-2562274,ACTACCACGGTGCAG,ACTACCACGG,Hydrophis,stokesii,Hibernia Reef,Australia
DNote21-6332,2571062,ALA-VU130-2571062,TTATACGCACAAGTG,TTATACGCACAAG,Aipysurus,laevis,Heywood Shoal,Australia
DNote21-6332,2571090,ALA-MAGNT-R36654-2571090,AGCACGACACGCTTG,AGCACGACACGCT,Aipysurus,laevis,Gulf of Carpentaria,Australia
DNote21-6332,2571096,ALA-KLS0339-2571096,CGTTGTCTCGTATTG,CGTTGTCTCGTAT,Aipysurus,laevis,Scott Reef,Australia
DNote21-6332,2583998,HST-MW04726-2583998,TTAGTGGTCAGTTGC,TTAGTGGTCAGT,Hydrophis,stokesii,SULAWESI SELATAN,INDONESIA
DNote21-6332,2584014,ALA-VU121-2584014,AAGCGATGATATGCA,AAGCGATGATA,Aipysurus,laevis,Heywood Shoal,Australia
DNote21-6332,2583999,ALA-NC_Jan2019_282-2583999,TGCTCGGACGGAATG,TGCTCGGACGGAA,Aipysurus,laevis,New Caledonia,New Caledonia
DNote21-6332,2584015,APO-KLS1002-2584015,AACTGGCACTTATGC,AACTGGCACTTA,Aipysurus,pooleorum,Exmouth Gulf,Australia
DNote21-6332,2584000,ALA-SS170816-01-2584000,GCATCTGACGAGTGC,GCATCTGACGAG,Aipysurus,laevis,Pilbara,Australia
DNote21-6332,2584005,HMA-WAM-R154978-2584005,GTTGACCACCTTGCA,GTTGACCACCT,Hydrophis,major,Shark Bay,Australia
DNote21-6332,2584010,HST-SS170814-01-2584010,AGTCGTAGACCACTT,AGTCGTAGACCACT,Hydrophis,stokesii,Pilbara,Australia
DNote21-6332,2584017,ATE-SS171020-04-2584017,AACACCTGCATTGCA,AACACCTGCAT,Aipysurus,tenuis,Pilbara,Australia
DNote21-6332,2583996,ALA-MAGNT-R36654-2583996,CTACAACGTCAGAGT,CTACAACGTCAGAG,Aipysurus,laevis,Gulf of Carpentaria,Australia
DNote21-6332,2584024,HST-KLS0360-2584024,AGGCGATCTGTGCAG,AGGCGATCTG,Hydrophis,stokesii,Hibernia Reef,Australia
DNote22-7151,2892375,ALA-SS170809-01-2892375,GACAGAGAGATGCAG,GACAGAGAGA,Aipysurus,laevis,Pilbara,Australia
DNote22-7151,2892376,ALA-VU53-2892376,GCGACCTGAATGCAG,GCGACCTGAA,Aipysurus,laevis,Eighty Mile Beach,Australia
DNote22-7151,2892377,HST-KLS0559-2892377,ACGTGTTGTATTGCA,ACGTGTTGTAT,Hydrophis,stokesii,Pilbara,Australia
DNote22-7151,2892378,ALA-KLS0564-R174540-2892378,AAGTCTAGTCCTTAT,AAGTCTAGTCCTTA,Aipysurus,laevis,Pilbara,Australia
DNote22-7151,2892379,HST-KLS0795-2892379,GTCTAGGTCTGTGCA,GTCTAGGTCTG,Hydrophis,stokesii,Exmouth Gulf,Australia
DNote22-7151,2892380,ALA-VU21-2892380,GTCTCTTCACTAATG,GTCTCTTCACTAA,Aipysurus,laevis,Dampier Peninsula,Australia
DNote22-7151,2892381,ALA-KLS1121-2892381,CCAGTGCCACTATGC,CCAGTGCCACTA,Aipysurus,laevis,Broome,Australia
DNote22-7151,2892383,ALA-VU33-2892383,TGACTCAATCTCAGT,TGACTCAATCTCAG,Aipysurus,laevis,Dampier Peninsula,Australia
DNote22-7151,2892384,HST-MT215-2892384,AGTGGAACACCGATG,AGTGGAACACCGA,Hydrophis,stokesii,SULAWESI SELATAN,INDONESIA
DNote22-7151,2892386,ALA-SS170810-01-2892386,TAGGTCATGAACTTG,TAGGTCATGAACT,Aipysurus,laevis,Pilbara,Australia
DNote22-7151,2892388,HST-KLS0938-2892388,TATTATTGTCCTTGC,TATTATTGTCCT,Hydrophis,stokesii,Exmouth Gulf,Australia
DNote22-7151,2892390,HST-KLS0886-2892390,TGCTCGGACGGAATG,TGCTCGGACGGAA,Hydrophis,stokesii,Exmouth Gulf,Australia
DNote22-7151,2892391,HST-VU116-2892391,TCTTCTGTGTGCGTT,TCTTCTGTGTGCGT,Hydrophis,stokesii,Heywood Shoal,Australia
DNote22-7151,2892392,HST-KLS0804-2892392,TGACCGATGACATTG,TGACCGATGACAT,Hydrophis,stokesii,Exmouth Gulf,Australia
DNote22-7151,2892393,ALA-SS171025-02-2892393,AACTGGCACTTATGC,AACTGGCACTTA,Aipysurus,laevis,Pilbara,Australia
DNote22-7151,2892394,ALA-VU20-2892394,AACGAGTCCTATAAT,AACGAGTCCTATAA,Aipysurus,laevis,Dampier Peninsula,Australia
DNote22-7151,2892400,HST-KLS0923-2892400,AGTCGTAGACCACTT,AGTCGTAGACCACT,Hydrophis,stokesii,Exmouth Gulf,Australia
DNote22-7151,2892401,ALA-R37032-2892401,ATGCTGCCAATGCAG,ATGCTGCCAA,Aipysurus,laevis,Gulf of Carpentaria,Australia
DNote22-7151,2892403,HST-KLS0896-2892403,GTCCTAGGCTATCGT,GTCCTAGGCTATCG,Hydrophis,stokesii,Exmouth Gulf,Australia
DNote22-7151,2892404,ALA-SS171106-03-2892404,TCACGCTAGACCTAT,TCACGCTAGACCTA,Aipysurus,laevis,Pilbara,Australia
DNote22-7151,2892406,HST-KLS0983-2892406,CAATACTCTTCGGAT,CAATACTCTTCGGA,Hydrophis,stokesii,Exmouth Gulf,Australia
DNote22-7151,2892407,HST-KLS0986-2892407,TTGAACGATGTGCAG,TTGAACGATG,Hydrophis,stokesii,Exmouth Gulf,Australia
DNote22-7151,2892409,HST-KLS0527-2892409,AACACCTGCATTGCA,AACACCTGCAT,Hydrophis,stokesii,Broome,Australia
DNote22-7151,2892410,HST-KLS1274-2892410,CTCCTATGCTTGCAG,CTCCTATGCT,Hydrophis,stokesii,Exmouth Gulf,Australia
DNote22-7151,2892412,HST-KLS1227-2892412,CTCTGGTGTAATGCA,CTCTGGTGTAA,Hydrophis,stokesii,Eighty Mile Beach,Australia
DNote22-7151,2892413,ALA-KLS1168-2892413,CTACAACGTCAGAGT,CTACAACGTCAGAG,Aipysurus,laevis,Broome,Australia
DNote22-7151,2892414,HST-VU38-2892414,AACAGAGTCCGATGC,AACAGAGTCCGA,Hydrophis,stokesii,Dampier Peninsula,Australia
DNote22-7151,2892416,HST-KLS1206-2892416,TGTGGACATCATGCA,TGTGGACATCA,Hydrophis,stokesii,Eighty Mile Beach,Australia
DNote22-7151,2892417,ALA-VU62-2892417,GACTAACTTGCTATG,GACTAACTTGCTA,Aipysurus,laevis,Eighty Mile Beach,Australia
DNote22-7151,2892418,HST-VU143-2892418,AGGCGATCTGTGCAG,AGGCGATCTG,Hydrophis,stokesii,Heywood Shoal,Australia
DNote22-7151,2892421,HST-KLS1204-2892421,GAGTGTGCATTGCAG,GAGTGTGCAT,Hydrophis,stokesii,Eighty Mile Beach,Australia
DNote22-7151,2892422,ALA-SS170813-01-2892422,CCTAGGCGAGTGCAG,CCTAGGCGAG,Aipysurus,laevis,Pilbara,Australia
DNote22-7151,2892423,APO-BD342-2892423,CTCAACATTCAGGAT,CTCAACATTCAGGA,Aipysurus,pooleorum,Shark Bay,Australia
DNote22-7151,2892424,ALA-R37128-2892424,GAACCACGACAGTGC,GAACCACGACAG,Aipysurus,laevis,Gulf of Carpentaria,Australia
DNote22-7151,2892425,ALA-SS171011-02-2892425,TGCGTCCTATGTTAT,TGCGTCCTATGTTA,Aipysurus,laevis,Pilbara,Australia
DNote22-7151,2892426,ALA-R36967-2892426,CCAAGAACCGCGATT,CCAAGAACCGCGAT,Aipysurus,laevis,Gulf of Carpentaria,Australia
DNote22-7151,2892427,ALA-KLS1163-2892427,AGAGCACCTTGTGCA,AGAGCACCTTG,Aipysurus,laevis,Broome,Australia
DNote22-7151,2892428,HST-MT177-2892428,TGGAGCCTTGATGCA,TGGAGCCTTGA,Hydrophis,stokesii,SULAWESI SELATAN,INDONESIA
DNote22-7151,2892431,HST-KLS1273-2892431,TTAGAGTCCGATGCA,TTAGAGTCCGA,Hydrophis,stokesii,Exmouth Gulf,Australia
DNote22-7151,2892432,ALA-SS171104-01-2892432,ATGCACTGTTCTTGC,ATGCACTGTTCT,Aipysurus,laevis,Pilbara,Australia
DNote22-7151,2892434,HST-KLS1200-2892434,AAGTCATCCATGGTT,AAGTCATCCATGGT,Hydrophis,stokesii,Pilbara,Australia
DNote22-7151,2892435,ALA-SS170815-01-2892435,GCTGTCTGGTCATGC,GCTGTCTGGTCA,Aipysurus,laevis,Pilbara,Australia
DNote22-7151,2892437,ALA-R36974-2892437,TTGTTCCGTCATGCA,TTGTTCCGTCA,Aipysurus,laevis,Gulf of Carpentaria,Australia
DNote22-7151,2892438,HST-KLS0679-2892438,TCTAAGGTATTGCAG,TCTAAGGTAT,Hydrophis,stokesii,Broome,Australia
DNote22-7151,2892440,ALA-SS170815-04-2892440,GCCATGATGAATGCA,GCCATGATGAA,Aipysurus,laevis,Pilbara,Australia
DNote22-7151,2892441,ALA-KLS1161-2892441,TATTGTAACGGTGTG,TATTGTAACGGTG,Aipysurus,laevis,Broome,Australia
DNote22-7151,2892443,HST-KLS0681-2892443,CCATGTGTAGTATGC,CCATGTGTAGTA,Hydrophis,stokesii,Broome,Australia
DNote22-7151,2892444,HST-KLS1173-2892444,GTTAGCGATAATGCA,GTTAGCGATAA,Hydrophis,stokesii,Pilbara,Australia
DNote22-7151,2892446,ALA-NC_Jan2019_217-2892446,ATAAGTGGTTGCCGT,ATAAGTGGTTGCCG,Aipysurus,laevis,New Caledonia,New Caledonia
DNote22-7151,2892447,ALA-SS170820-05-2892447,CGTTGGTGATTGCAG,CGTTGGTGAT,Aipysurus,laevis,Eighty Mile Beach,Australia
DNote22-7151,2892448,ALA-KLS1169-2892448,CGGCAGCAGGTATGC,CGGCAGCAGGTA,Aipysurus,laevis,Broome,Australia
DNote22-7151,2892449,HST-KLS1182-2892449,ACTTGTGGCGGTGCA,ACTTGTGGCGG,Hydrophis,stokesii,Pilbara,Australia
DNote22-7151,2892450,HST-KLS0604-2892450,ACCGTTCACGTATGC,ACCGTTCACGTA,Hydrophis,stokesii,Broome,Australia
DNote22-7151,2892451,HST-KLS0687-2892451,GTTATAATCGTGCAG,GTTATAATCG,Hydrophis,stokesii,Broome,Australia
DNote22-7151,2892452,HST-KLS0843-2892452,TTCATGAAGGTGCAG,TTCATGAAGG,Hydrophis,stokesii,Exmouth Gulf,Australia
DNote22-7151,2892454,HST-KLS0660-2892454,TTATCAGAGACCAGT,TTATCAGAGACCAG,Hydrophis,stokesii,Broome,Australia
DNote22-7151,2892455,HST-KLS0675-2892455,TGATTGCTGAGATGC,TGATTGCTGAGA,Hydrophis,stokesii,Broome,Australia
DNote22-7151,2892456,HST-KLS0858-2892456,ACCACCAACGGCGGT,ACCACCAACGGCGG,Hydrophis,stokesii,Exmouth Gulf,Australia
DNote22-7151,2892457,HST-VU135-2892457,CCATCACTTATGCAG,CCATCACTTA,Hydrophis,stokesii,Heywood Shoal,Australia
DNote22-7151,2892458,ALA-R37027-2892458,CACAACACGAGCAAT,CACAACACGAGCAA,Aipysurus,laevis,Gulf of Carpentaria,Australia
DNote22-7151,2892459,ALA-R37003-2892459,GCCGAACCGAATGCA,GCCGAACCGAA,Aipysurus,laevis,Gulf of Carpentaria,Australia
DNote22-7151,2892460,ALA-R37010-2892460,CTACTCGTTAGAATG,CTACTCGTTAGAA,Aipysurus,laevis,Gulf of Carpentaria,Australia
DNote22-7151,2892461,ALA-R37025-2892461,TGTGCGACACGTGCA,TGTGCGACACG,Aipysurus,laevis,Gulf of Carpentaria,Australia
DNote22-7151,2892462,ALA-R37140-2892462,AGGATGCTCAGTGCA,AGGATGCTCAG,Aipysurus,laevis,Gulf of Carpentaria,Australia
DNote22-7151,2892463,ALA-KLS0857-2892463,CGCGTCTCCATTGCA,CGCGTCTCCAT,Aipysurus,laevis,Exmouth Gulf,Australia
DNote22-7151,2892464,ALA-R37122-2892464,TCTAACGTTCCGTGC,TCTAACGTTCCG,Aipysurus,laevis,Gulf of Carpentaria,Australia
DNote22-7151,2892468,HST-KLS0678-2892468,TTCCGATCTCTCAAT,TTCCGATCTCTCAA,Hydrophis,stokesii,Broome,Australia
DNote22-7151,2892469,HST-SS170820-02-2892469,ACCTGTGTGCACGTG,ACCTGTGTGCACG,Hydrophis,stokesii,Eighty Mile Beach,Australia
DNote22-7151,2892470,ALA-R37116-2892470,ATTCAGTCCTGTGGT,ATTCAGTCCTGTGG,Aipysurus,laevis,Gulf of Carpentaria,Australia
DNote22-7151,2892471,ALA-KLS0797-2892471,GACTCATGCCATTGC,GACTCATGCCAT,Aipysurus,laevis,Exmouth Gulf,Australia
DNote22-7151,2892472,ALA-SS171105-01-2892472,AGATATATCCTATGC,AGATATATCCTA,Aipysurus,laevis,Pilbara,Australia
DNote22-7151,2892473,ALA-SS170815-03-2892473,GATGATGCGATGTGC,GATGATGCGATG,Aipysurus,laevis,Pilbara,Australia
DNote22-7151,2892474,HST-KLS0680-2892474,CCTGAATAATGCTAT,CCTGAATAATGCTA,Hydrophis,stokesii,Broome,Australia
DNote22-7151,2892475,ALA-SS170809-03-2892475,TACTTCATCGTGCAG,TACTTCATCG,Aipysurus,laevis,Pilbara,Australia
DNote22-7151,2892476,ALA-NC_Jan2019_247-2892476,ACAGAGACCGCGGTG,ACAGAGACCGCGG,Aipysurus,laevis,New Caledonia,New Caledonia
DNote22-7151,2892477,ALA-VU47-2892477,AAGAGATCCGCCATG,AAGAGATCCGCCA,Aipysurus,laevis,Dampier Peninsula,Australia
DNote22-7151,2892478,HST-KLS0634-2892478,GTAACACACTTGCAG,GTAACACACT,Hydrophis,stokesii,Broome,Australia
DNote22-7151,2892479,ALA-SS171106-02-2892479,TTCGCCGCGGTCATG,TTCGCCGCGGTCA,Aipysurus,laevis,Pilbara,Australia
DNote22-7151,2892480,HST-KLS0573-2892480,AGCCATCACGGTGCA,AGCCATCACGG,Hydrophis,stokesii,Broome,Australia
DNote22-7151,2892482,ALA-VU37-2892482,AGACGCGGACAGTGC,AGACGCGGACAG,Aipysurus,laevis,Dampier Peninsula,Australia
DNote22-7151,2892483,APO-BD337-2892483,TCACTGAGAGTATGC,TCACTGAGAGTA,Aipysurus,pooleorum,Shark Bay,Australia
DNote22-7151,2892484,ALA-KLS1167-2892484,CTTGTGTCCATATGC,CTTGTGTCCATA,Aipysurus,laevis,Broome,Australia
DNote22-7151,2892485,ALA-KLS1165-2892485,GAGTCGGCGGATATG,GAGTCGGCGGATA,Aipysurus,laevis,Broome,Australia
DNote22-7151,2892486,ALA-R37034-2892486,AGCATGATGCGGTGC,AGCATGATGCGG,Aipysurus,laevis,Gulf of Carpentaria,Australia
DNote22-7151,2892487,APO-BD304-2892487,AGCCTAGTTCTCTTG,AGCCTAGTTCTCT,Aipysurus,pooleorum,Shark Bay,Australia
DNote22-7151,2892489,ALA-NC_Jan2019_213-2892489,AGCAGAATGGCAGGT,AGCAGAATGGCAGG,Aipysurus,laevis,New Caledonia,New Caledonia
DNote22-7151,2892490,ALA-R37113-2892490,AGCACTCGCCATTGC,AGCACTCGCCAT,Aipysurus,laevis,Gulf of Carpentaria,Australia
DNote22-7151,2892491,HST-KLS0677-2892491,CTTGGCAGGTTGCAG,CTTGGCAGGT,Hydrophis,stokesii,Broome,Australia
DNote22-7151,2892493,ALA-SS170816-01-2892493,ATCAACACTTGCGTG,ATCAACACTTGCG,Aipysurus,laevis,Pilbara,Australia
DNote22-7151,2892494,ALA-SS170822-01-2892494,GTATGCGTTGGATGC,GTATGCGTTGGA,Aipysurus,laevis,Eighty Mile Beach,Australia
DNote22-7151,2892495,ALA-SS170822-02-2892495,CAGATGGTTATATGC,CAGATGGTTATA,Aipysurus,laevis,Eighty Mile Beach,Australia
DNote22-7151,2892496,ALA-SS171011-03-2892496,ACACTTCGTTCTTGC,ACACTTCGTTCT,Aipysurus,laevis,Eighty Mile Beach,Australia
DNote22-7151,2892498,HST-KLS0490-2892498,TTAGATACCGCAGGT,TTAGATACCGCAGG,Hydrophis,stokesii,Broome,Australia
DNote22-7151,2892500,ALA-VU51-2892500,CTGCATTCCATGCAG,CTGCATTCCA,Aipysurus,laevis,Eighty Mile Beach,Australia
DNote22-7151,2892503,ALA-HybJ03-2892503,GCTCCTGTCTTGCAG,GCTCCTGTCT,Aipysurus,laevis/tenuis hybrid,Den Blå Plantet,Denmark
DNote22-7151,2892504,HST-KLS0682-2892504,TCAGTGTAAGTGCAG,TCAGTGTAAG,Hydrophis,stokesii,Broome,Australia
DNote22-7151,2892505,HST-KLS0686-2892505,TCTTCCTAGGTTGCA,TCTTCCTAGGT,Hydrophis,stokesii,Broome,Australia
DNote22-7151,2892506,ALA-SS171025-01-2892506,CTCTCTCTCTAGTAT,CTCTCTCTCTAGTA,Aipysurus,laevis,Pilbara,Australia
DNote22-7151,2892509,HST-KLS0883-2892509,TCGTATGTCAACTTG,TCGTATGTCAACT,Hydrophis,stokesii,Exmouth Gulf,Australia
DNote22-7151,2892510,ALA-VU15-2892510,TCCTTGTGTATGCAG,TCCTTGTGTA,Aipysurus,laevis,Dampier Peninsula,Australia
DNote22-7151,2892511,ALA-KLS1170-2892511,ATGTATGTGCCATGC,ATGTATGTGCCA,Aipysurus,laevis,Broome,Australia
DNote22-7151,2892512,ALA-KLS1162-2892512,GAATAAGTTCGGTGC,GAATAAGTTCGG,Aipysurus,laevis,Broome,Australia
DNote22-7151,2892513,ALA-KLS0793-2892513,AGGTCGCATTATGCA,AGGTCGCATTA,Aipysurus,laevis,Exmouth Gulf,Australia
DNote22-7151,2892514,ALA-KLS0796-2892514,GTGGACACCTAGATG,GTGGACACCTAGA,Aipysurus,laevis,Exmouth Gulf,Australia
DNote22-7151,2892515,ATE-HybFa01-2892515,TGTCGGCGGTCTTGC,TGTCGGCGGTCT,Aipysurus,tenuis,Broome,Australia
DNote22-7151,2892516,APO-BD320-2892516,CTTGCTCGCAAGATG,CTTGCTCGCAAGA,Aipysurus,pooleorum,Shark Bay,Australia
DNote22-7151,2892517,ALA-SS171018-02-2892517,GCTCGGCGATTATGC,GCTCGGCGATTA,Aipysurus,laevis,Pilbara,Australia
DNote22-7151,2892518,ALA-NC_Jan2019_271-2892518,CTGTGGTCACGGATG,CTGTGGTCACGGA,Aipysurus,laevis,New Caledonia,New Caledonia
DNote22-7151,2892519,APO-BD331-2892519,TTACTCTAGAGGATT,TTACTCTAGAGGAT,Aipysurus,pooleorum,Shark Bay,Australia
DNote22-7151,2892520,APO-BD339-2892520,TCATCTAACATTGCA,TCATCTAACAT,Aipysurus,pooleorum,Shark Bay,Australia
DNote22-7151,2892521,ALA-R29880-2892521,GACTACCAACCGTGC,GACTACCAACCG,Aipysurus,laevis,Gulf of Carpentaria,Australia
DNote22-7151,2892523,ALA-KLS0871-2892523,CGGTATGATCGTGCA,CGGTATGATCG,Aipysurus,laevis,Exmouth Gulf,Australia
DNote22-7151,2892525,HST-KLS0566-2892525,CAGTGGTTCGTATGC,CAGTGGTTCGTA,Hydrophis,stokesii,Broome,Australia
DNote22-7151,2892526,ALA-KLS0872-2892526,TATGTTGCTATGCAG,TATGTTGCTA,Aipysurus,laevis,Exmouth Gulf,Australia
DNote22-7151,2892527,ALA-VU50-2892527,CGTCTTCAACGTGCA,CGTCTTCAACG,Aipysurus,laevis,Dampier Peninsula,Australia
DNote22-7151,2892528,ALA-SS170822-03-2892528,CGTAGTTAGGTGCAG,CGTAGTTAGG,Aipysurus,laevis,Eighty Mile Beach,Australia
DNote22-7151,2892529,ALA-SS170808-06-2892529,ATACCAACTCTCGTG,ATACCAACTCTCG,Aipysurus,laevis,Pilbara,Australia
DNote22-7151,2892531,HST-KLS0528-2892531,TAGATCGTGTTGCAG,TAGATCGTGT,Hydrophis,stokesii,Broome,Australia
DNote22-7151,2892535,APO-BD330-2892535,TATATCACAGATGCA,TATATCACAGA,Aipysurus,pooleorum,Shark Bay,Australia
DNote22-7151,2892537,ALA-NC_Jan2019_227-2892537,TTGTCCACTATTGCA,TTGTCCACTAT,Aipysurus,laevis,New Caledonia,New Caledonia
DNote22-7151,2892538,APO-BD325-2892538,AGAGGACGTAGAGTG,AGAGGACGTAGAG,Aipysurus,pooleorum,Shark Bay,Australia
DNote22-7151,2892539,ALA-HybJ01-2892539,CCTAATACTAAGATG,CCTAATACTAAGA,Aipysurus,laevis/tenuis hybrid,Den Blå Plantet,Denmark
DNote22-7151,2892540,APO-BD338-2892540,TCCTACTAGCAGTTG,TCCTACTAGCAGT,Aipysurus,pooleorum,Shark Bay,Australia
DNote22-7151,2892541,ALA-KLS1166-2892541,TGAAGTGTGAATGAT,TGAAGTGTGAATGA,Aipysurus,laevis,Broome,Australia
DNote22-7151,2892542,HST-KLS0847-2892542,GTCGTTCATTCCAGT,GTCGTTCATTCCAG,Hydrophis,stokesii,Exmouth Gulf,Australia
DNote22-7151,2892543,ALA-UAE275-2892543,TGACAGAACTTGCAG,TGACAGAACT,Aipysurus,laevis,NA,Australia
DNote22-7151,2892544,ALA-R37101-2892544,GACGAGGTGCTGGTG,GACGAGGTGCTGG,Aipysurus,laevis,Gulf of Carpentaria,Australia
DNote22-7151,2892545,HST-KLS0941-2892545,TCGCCGTAGAGGTGC,TCGCCGTAGAGG,Hydrophis,stokesii,Exmouth Gulf,Australia
DNote22-7151,2892550,APO-BD326-2892550,GTTGACCAGATGCAG,GTTGACCAGA,Aipysurus,pooleorum,Shark Bay,Australia
DNote22-7151,2892551,HST-KLS0897-2892551,TGGAGAGGAGTGCAG,TGGAGAGGAG,Hydrophis,stokesii,Exmouth Gulf,Australia
DNote22-7151,2892558,ALA-KLS1140-2892558,CCACTTCGCGAGTGC,CCACTTCGCGAG,Aipysurus,laevis,Broome,Australia
DNote22-7151,2892561,ALA-KLS0327-2892561,GAGTTCATCTCATTG,GAGTTCATCTCAT,Aipysurus,laevis,Scott Reef,Australia
DNote22-7151,2892565,ALA-SS170809-01-2892565,ATCAGGAGTGCTGTG,ATCAGGAGTGCTG,Aipysurus,laevis,Pilbara,Australia
DNote22-7151,2892566,ALA-VU53-2892566,GCTACTATCGTATGC,GCTACTATCGTA,Aipysurus,laevis,Eighty Mile Beach,Australia
DNote22-7151,2892567,HST-KLS0559-2892567,GTGGCGACCTGTCAT,GTGGCGACCTGTCA,Hydrophis,stokesii,Pilbara,Australia
DNote22-7151,2892568,ALA-KLS0564-R174540-2892568,TACCGCTCCATATTG,TACCGCTCCATAT,Aipysurus,laevis,Pilbara,Australia
DNote22-7151,2892569,HST-KLS0795-2892569,TTGTCTGGCTGACTT,TTGTCTGGCTGACT,Hydrophis,stokesii,Exmouth Gulf,Australia
DNote22-7151,2892570,ALA-VU21-2892570,TATTGAGTAATGCAG,TATTGAGTAA,Aipysurus,laevis,Dampier Peninsula,Australia
DNote22-7151,2892571,ALA-KLS1121-2892571,GACCGTTCCTGATGC,GACCGTTCCTGA,Aipysurus,laevis,Broome,Australia
DNote22-7151,2892573,ALA-VU33-2892573,AGGCAATGCATATAT,AGGCAATGCATATA,Aipysurus,laevis,Dampier Peninsula,Australia
DNote22-7151,2892576,ALA-SS170810-01-2892576,AGTTAGTGGCTTCTT,AGTTAGTGGCTTCT,Aipysurus,laevis,Pilbara,Australia
DNote22-7151,2892578,HST-KLS0938-2892578,CCAGTCACAGATATG,CCAGTCACAGATA,Hydrophis,stokesii,Exmouth Gulf,Australia
DNote22-7151,2892579,ALA-KLS1167-2892579,TACTTCGCATGGTGC,TACTTCGCATGG,Aipysurus,laevis,Broome,Australia
DNote22-7151,2892580,ALA-KLS1165-2892580,CGCGAACTCGTTGCA,CGCGAACTCGT,Aipysurus,laevis,Broome,Australia
DNote22-7151,2892582,APO-BD304-2892582,AGGCAACGTGTTGCA,AGGCAACGTGT,Aipysurus,pooleorum,Shark Bay,Australia
DNote22-7151,2892584,ALA-NC_Jan2019_213-2892584,TTCAAGAGCGGTTGC,TTCAAGAGCGGT,Aipysurus,laevis,New Caledonia,New Caledonia
DNote22-7151,2892586,HST-KLS0677-2892586,TATGAACCTGCGTGC,TATGAACCTGCG,Hydrophis,stokesii,Broome,Australia
DNote22-7151,2892588,ALA-SS170816-01-2892588,ATTACTCGTTCATGC,ATTACTCGTTCA,Aipysurus,laevis,Pilbara,Australia
DNote22-7151,2892589,ALA-SS170822-01-2892589,TCGGCAGAACCAATG,TCGGCAGAACCAA,Aipysurus,laevis,Eighty Mile Beach,Australia
DNote22-7151,2892590,ALA-SS170822-02-2892590,TTCAATGAACTTGCA,TTCAATGAACT,Aipysurus,laevis,Eighty Mile Beach,Australia
DNote22-7151,2892591,ALA-SS171011-03-2892591,ATGGACAGAAGTGGT,ATGGACAGAAGTGG,Aipysurus,laevis,Eighty Mile Beach,Australia
DNote22-7151,2892593,HST-KLS0490-2892593,GACTCGTGTTCGGTG,GACTCGTGTTCGG,Hydrophis,stokesii,Broome,Australia
DNote22-7151,2894752,ATE-HybFa01-2894752,TAGCAGGCGAGTTGC,TAGCAGGCGAGT,Aipysurus,tenuis,Broome,Australia
DNote22-7151,2894754,ALA-SS170822-03-2894754,CCGCTCTGGAGCGAT,CCGCTCTGGAGCGA,Aipysurus,laevis,Eighty Mile Beach,Australia
DNote22-7151,2894761,APO-BD326-2894761,GTTGGTTATATGCAG,GTTGGTTATA,Aipysurus,pooleorum,Shark Bay,Australia
DNote22-7151,2894762,HST-KLS0897-2894762,CGCGGTGATATTCTT,CGCGGTGATATTCT,Hydrophis,stokesii,Exmouth Gulf,Australia
DNote22-7151,2894769,HST-KLS0795-2894769,ATAACACCTGAAGGT,ATAACACCTGAAGG,Hydrophis,stokesii,Exmouth Gulf,Australia
DNote22-7151,2894770,HST-KLS0938-2894770,CTGGCAAGGATGCAG,CTGGCAAGGA,Hydrophis,stokesii,Exmouth Gulf,Australia
DNote22-7151,2894771,ALA-KLS1165-2894771,GCTCGCTTCGGTTGC,GCTCGCTTCGGT,Aipysurus,laevis,Broome,Australia
DNote22-7151,2894774,ALA-NC_Jan2019_213-2894774,TAGCGTGAACCATGC,TAGCGTGAACCA,Aipysurus,laevis,New Caledonia,New Caledonia
DNote22-7151,2894775,ALA-SS170822-02-2894775,CCTTGACACCACGTT,CCTTGACACCACGT,Aipysurus,laevis,Eighty Mile Beach,Australia
DNote23-8392,3446947,ATE-KLS1283-3446947,GTCGGCTCTCTTCTT,GTCGGCTCTCTTCT,Aipysurus,tenuis,NA,NA
DNote23-8392,3446972,ALA-NC_Jan2019_253-3446972,CGGTATCCACACAGT,CGGTATCCACACAG,Aipysurus,laevis,New Caledonia,New Caledonia
DNote23-8392,3446978,ALA-NC_Jan2019_269-3446978,ACACGCTGATATATG,ACACGCTGATATA,Aipysurus,laevis,New Caledonia,New Caledonia
DNote23-8392,3446981,ALA-NC_Jan2019_275-3446981,TGAATAGTGCTGTGC,TGAATAGTGCTG,Aipysurus,laevis,New Caledonia,New Caledonia
DNote23-8773,3593306,HST-KLS1419-3593306,TCGCCTAGATCATGC,TCGCCTAGATCA,Hydrophis,stokesii,Dampier Peninsula,Australia
DNote23-8773,3593309,HST-KLS1418-3593309,GAATGTTATATGTGC,GAATGTTATATG,Hydrophis,stokesii,Dampier Peninsula,Australia
DNote23-8773,3593310,HST-KLS1385-3593310,ACCTGCACTCGGATG,ACCTGCACTCGGA,Hydrophis,stokesii,Dampier Peninsula,Australia
DNote23-8773,3593311,HST-KLS1429-3593311,CCGCAACGTCTACTT,CCGCAACGTCTACT,Hydrophis,stokesii,Dampier Peninsula,Australia
DNote23-8773,3593312,HST-KLS1371-3593312,GCTCATCCGTCCAGT,GCTCATCCGTCCAG,Hydrophis,stokesii,Dampier Peninsula,Australia
DNote23-8773,3593313,HST-KLS1541-3593313,TGAGCGTCGTATGTG,TGAGCGTCGTATG,Hydrophis,stokesii,Pilbara,Australia
DNote23-8773,3593316,HMA-KLS1554-3593316,ACCAGTCCGAGAAGT,ACCAGTCCGAGAAG,Hydrophis,major,Pilbara,Australia
DNote23-8773,3593317,ALA-KLS1363-3593317,ACTCATAGTAGTTGC,ACTCATAGTAGT,Aipysurus,laevis,Dampier Peninsula,Australia
DNote23-8773,3593318,HST-KLS1372-3593318,TGAGGACTAATGCAG,TGAGGACTAA,Hydrophis,stokesii,Dampier Peninsula,Australia
DNote23-8773,3593319,HMA-KLS1416-3593319,TTGATCATTCGGTGC,TTGATCATTCGG,Hydrophis,major,Dampier Peninsula,Australia
DNote23-8773,3593321,HST-KLS1528-3593321,CGCGTCTAATCGTGC,CGCGTCTAATCG,Hydrophis,stokesii,Pilbara,Australia
DNote23-8773,3593322,HST-KLS1412-3593322,CGGTGAGGCTCCTAT,CGGTGAGGCTCCTA,Hydrophis,stokesii,Dampier Peninsula,Australia
DNote23-8773,3593323,ALA-KLS1555-3593323,GAGCAAGCGTATGCA,GAGCAAGCGTA,Aipysurus,laevis,Pilbara,Australia
DNote23-8773,3593324,HST-KLS1556-3593324,GAACGGCAGGTAAGT,GAACGGCAGGTAAG,Hydrophis,stokesii,Pilbara,Australia
DNote23-8773,3593325,HMA-KLS1553-3593325,ACACCAGCAATGCAG,ACACCAGCAA,Hydrophis,major,Pilbara,Australia
DNote23-8773,3593328,ALA-KLS1373-3593328,GAACATCTAACTTGC,GAACATCTAACT,Aipysurus,laevis,Dampier Peninsula,Australia
DNote23-8773,3593329,HST-KLS1424-3593329,CCTAGGCAGGCAATG,CCTAGGCAGGCAA,Hydrophis,stokesii,Dampier Peninsula,Australia
DNote23-8773,3593330,HST-KLS1206-3593330,AGAGCAGGCTGCGGT,AGAGCAGGCTGCGG,Hydrophis,stokesii,Eighty Mile Beach,Australia
DNote23-8773,3593333,HST-KLS1370-3593333,AGAAGCGTCTTGCAG,AGAAGCGTCT,Hydrophis,stokesii,Dampier Peninsula,Australia
DNote23-8773,3593334,HMA-KLS1379-3593334,TATGGTCACTGACGT,TATGGTCACTGACG,Hydrophis,major,Dampier Peninsula,Australia
DNote23-8773,3593336,ALA-KLS1453-3593336,TGGACGCGATTGGTT,TGGACGCGATTGGT,Aipysurus,laevis,Exmouth Gulf,Australia
DNote23-8773,3593339,HST-KLS1367-3593339,ATTAGAGACCTAAGT,ATTAGAGACCTAAG,Hydrophis,stokesii,Dampier Peninsula,Australia
DNote23-8773,3593340,HST-KLS1159-3593340,CCGCAAGCCTTGCAG,CCGCAAGCCT,Hydrophis,stokesii,Broome,Australia
DNote23-8773,3593341,ALA-KLS1448-3593341,CAGGAATCACGCTTG,CAGGAATCACGCT,Aipysurus,laevis,Exmouth Gulf,Australia
DNote23-8773,3593342,ALA-KLS1452-3593342,CTTGTAGAAGTGCAG,CTTGTAGAAG,Aipysurus,laevis,Exmouth Gulf,Australia
DNote23-8773,3593344,HST-KLS1544-3593344,ATCGTGTGCACAGGT,ATCGTGTGCACAGG,Hydrophis,stokesii,Pilbara,Australia
DNote23-8773,3593346,HST-KLS1414-3593346,CGCTAGCGGCTGAAT,CGCTAGCGGCTGAA,Hydrophis,stokesii,Dampier Peninsula,Australia
DNote23-8773,3593347,HST-KLS1369-3593347,TCTCTCTCCTTCATG,TCTCTCTCCTTCA,Hydrophis,stokesii,Dampier Peninsula,Australia
DNote23-8773,3593349,HMA-KLS1538-3593349,ACTCGGTGAACCAGT,ACTCGGTGAACCAG,Hydrophis,major,NA,NA
DNote23-8773,3593353,HST-KLS1420-3593353,ACAGAGAAGGCTTGC,ACAGAGAAGGCT,Hydrophis,stokesii,Dampier Peninsula,Australia
DNote23-8773,3593354,ALA-KLS1549-3593354,CACTTAGTTGTGCAG,CACTTAGTTG,Aipysurus,laevis,Pilbara,Australia
DNote23-8773,3593355,HST-KLS1517-3593355,GACTGTCTAATAAGT,GACTGTCTAATAAG,Hydrophis,stokesii,Pilbara,Australia
DNote23-8773,3593357,ALA-KLS1205-3593357,GTGACCTTCCTGTGC,GTGACCTTCCTG,Aipysurus,laevis,Eighty Mile Beach,Australia
DNote23-8773,3593359,ALA-KLS1415-3593359,AATACAGGATGTGTT,AATACAGGATGTGT,Aipysurus,laevis,Dampier Peninsula,Australia
DNote23-8773,3593361,HST-KLS1204-3593361,TATTATGGATTGCAG,TATTATGGAT,Hydrophis,stokesii,Eighty Mile Beach,Australia
DNote23-8773,3593364,ALA-KLS1366-3593364,CGTAACCGACGGTGC,CGTAACCGACGG,Aipysurus,laevis,Dampier Peninsula,Australia
DNote23-8773,3593365,ALA-KLS1413-3593365,ACTAAGGTGGTGTGC,ACTAAGGTGGTG,Aipysurus,laevis,Dampier Peninsula,Australia
DNote23-8773,3593366,ALA-KLS1526-3593366,TGAGGCGATGACGGT,TGAGGCGATGACGG,Aipysurus,laevis,Pilbara,Australia
DNote23-8773,3593369,HMA-KLS1522-3593369,TCACCGATGGTGGTT,TCACCGATGGTGGT,Hydrophis,major,Pilbara,Australia
DNote23-8773,3593370,HST-KLS1417-3593370,ACATTAGTTGAATGC,ACATTAGTTGAA,Hydrophis,stokesii,Dampier Peninsula,Australia
DNote23-8773,3593371,ATE-KLS1242-3593371,CTCCGTAACTTATGC,CTCCGTAACTTA,Aipysurus,tenuis,NA,NA
DNote23-8773,3593373,ALA-KLS1548-3593373,GACGGCAAGATATGC,GACGGCAAGATA,Aipysurus,laevis,Pilbara,Australia
DNote23-8773,3593374,HMA-KLS1421-3593374,TTCTCGCTCGTGCAG,TTCTCGCTCG,Hydrophis,major,Dampier Peninsula,Australia
DNote23-8773,3593378,HMA-KLS1514-3593378,TCTTATCACACCATT,TCTTATCACACCAT,Hydrophis,major,Pilbara,Australia
DNote23-8773,3593379,HST-KLS1384-3593379,CTAGTCTAGTGATGC,CTAGTCTAGTGA,Hydrophis,stokesii,Dampier Peninsula,Australia
DNote23-8773,3593381,HST-KLS1380-3593381,TGTGAAGCACATCAT,TGTGAAGCACATCA,Hydrophis,stokesii,Dampier Peninsula,Australia
DNote23-8773,3593383,HST-KLS1158-3593383,ACATTGCCAATCAGT,ACATTGCCAATCAG,Hydrophis,stokesii,Broome,Australia
DNote23-8773,3593384,ALA-KLS1474-3593384,TTGATGACTTACGAT,TTGATGACTTACGA,Aipysurus,laevis,Exmouth Gulf,Australia
DNote23-8773,3593385,HST-KLS1515-3593385,GCATCATAGCCTTAT,GCATCATAGCCTTA,Hydrophis,stokesii,Pilbara,Australia
DNote23-8773,3593387,ALA-KLS1387-3593387,AACGACAACAATCGT,AACGACAACAATCG,Aipysurus,laevis,Dampier Peninsula,Australia
DNote23-8773,3593388,HST-KLS1157-3593388,TCGGTGAGCCAATGC,TCGGTGAGCCAA,Hydrophis,stokesii,Broome,Australia
DNote23-8773,3593389,ALA-KLS1479-3593389,ATCTGAATAGAGGTG,ATCTGAATAGAGG,Aipysurus,laevis,Exmouth Gulf,Australia
DNote23-8773,3593390,ALA-KLS1467-3593390,TGCGAATGCCATGGT,TGCGAATGCCATGG,Aipysurus,laevis,Exmouth Gulf,Australia
DNote23-8773,3593391,ALA-KLS1492-3593391,CGTCACGAAGCGGTT,CGTCACGAAGCGGT,Aipysurus,laevis,Exmouth Gulf,Australia
DNote23-8773,3593398,ALA-KLS1444-3593398,CAATACGCCTGCGTG,CAATACGCCTGCG,Aipysurus,laevis,Exmouth Gulf,Australia
DNote23-8773,3593399,HST-KLS1422-3593399,TTACTTATCAGGTTG,TTACTTATCAGGT,Hydrophis,stokesii,Dampier Peninsula,Australia
DNote23-8773,3593426,ALA-KLS1549-3593426,CTGGCGAACCTAGTT,CTGGCGAACCTAGT,Aipysurus,laevis,Pilbara,Australia
DNote23-8773,3593427,HST-KLS1517-3593427,AGCGGTGGCATATGC,AGCGGTGGCATA,Hydrophis,stokesii,Pilbara,Australia
DNote23-8773,3593429,ALA-KLS1205-3593429,TATTCTCATAACGGT,TATTCTCATAACGG,Aipysurus,laevis,Eighty Mile Beach,Australia
DNote23-8773,3593431,ALA-KLS1415-3593431,ATTCGCGACCGCGTT,ATTCGCGACCGCGT,Aipysurus,laevis,Dampier Peninsula,Australia
DNote23-8773,3593433,HST-KLS1204-3593433,AGGTGACATATGTGC,AGGTGACATATG,Hydrophis,stokesii,Eighty Mile Beach,Australia
DNote23-8773,3593436,ALA-KLS1366-3593436,ACAATGACATAGTGC,ACAATGACATAG,Aipysurus,laevis,Dampier Peninsula,Australia
DNote23-8773,3593437,ALA-KLS1413-3593437,AATATTGACTTGCAG,AATATTGACT,Aipysurus,laevis,Dampier Peninsula,Australia
DNote23-8773,3593438,ALA-KLS1526-3593438,GTGGTGGAGATGCAG,GTGGTGGAGA,Aipysurus,laevis,Pilbara,Australia
DNote23-8773,3593441,HMA-KLS1522-3593441,CTTAGGTGGCGGTGC,CTTAGGTGGCGG,Hydrophis,major,Pilbara,Australia
DNote23-8773,3593442,HST-KLS1417-3593442,GTGCGAGTAGCGAGT,GTGCGAGTAGCGAG,Hydrophis,stokesii,Dampier Peninsula,Australia
DNote23-8773,3593443,ATE-KLS1242-3593443,AACTCTCACATTGAT,AACTCTCACATTGA,Aipysurus,tenuis,NA,NA
DNote23-8773,3593445,ALA-KLS1548-3593445,GTGCCATGCGGTTGC,GTGCCATGCGGT,Aipysurus,laevis,Pilbara,Australia
