targetid,ordernumber,organism,species,genotype,tissue,aliastargetname,primersname,extractplatebarcode,extractplatewell,targetplatebarcode,targetplatewell,label,comment,barcode9l,barcode,extractid,tagcounttotal,tagcountunique,overrepcount,overreppct,targetquality,flowcellbarcode,flowcelllane
3446945,DNote23-8392,Notechis,-,X23-01,unknown,P_ad_hp,EBPCR1+HpaII,E/Cina/11-7-23/004,A1,T/faisal/17-7-23/009,A1,,,GTCATAAGTTGTGCA,GTCATAAGTTG,2489993,902910,208281,15,1.23,downshifted,HGHTWDRX3,1
3446946,DNote23-8392,Notechis,-,X23-20,unknown,P_ad_hp,EBPCR1+HpaII,E/Cina/11-7-23/004,B1,T/faisal/17-7-23/009,B1,,,AAGCATATAAGGTGC,AAGCATATAAGG,2489994,1292959,332277,19,3.54,good,HGHTWDRX3,1
3446947,DNote23-8392,Notechis,-,KLS1283,unknown,P_ad_hp,EBPCR1+HpaII,E/Cina/11-7-23/004,C1,T/faisal/17-7-23/009,C1,,,GTCGGCTCTCTTCTT,GTCGGCTCTCTTCT,2489995,1327372,362210,28,1.73,good,HGHTWDRX3,1
3446948,DNote23-8392,Notechis,-,KLS1293,unknown,P_ad_hp,EBPCR1+HpaII,E/Cina/11-7-23/004,D1,T/faisal/17-7-23/009,D1,,,TCCATGTGATGAGTG,TCCATGTGATGAG,2489996,1435516,379039,44,8.57,good,HGHTWDRX3,1
3446949,DNote23-8392,Notechis,-,KLS1290,unknown,P_ad_hp,EBPCR1+HpaII,E/Cina/11-7-23/004,E1,T/faisal/17-7-23/009,E1,,,GAGGATAGTGCGTGC,GAGGATAGTGCG,2489997,1345796,374240,15,1.50,good,HGHTWDRX3,1
3446950,DNote23-8392,Notechis,-,KLS1288,unknown,P_ad_hp,EBPCR1+HpaII,E/Cina/11-7-23/004,F1,T/faisal/17-7-23/009,F1,,,ATACTCTACATATGC,ATACTCTACATA,2489998,1340475,370552,23,5.58,good,HGHTWDRX3,1
3446951,DNote23-8392,Notechis,-,X23-18,unknown,P_ad_hp,EBPCR1+HpaII,E/Cina/11-7-23/004,G1,T/faisal/17-7-23/009,G1,,,CGCAGTTCTTATGCA,CGCAGTTCTTA,2489999,1192515,324315,18,2.51,good,HGHTWDRX3,1
3446952,DNote23-8392,Notechis,-,X23-02,unknown,P_ad_hp,EBPCR1+HpaII,E/Cina/11-7-23/004,H1,T/faisal/17-7-23/009,H1,,,GTCCGACATTATTGC,GTCCGACATTAT,2490000,1376736,401561,9,1.19,good,HGHTWDRX3,1
3446953,DNote23-8392,Notechis,-,X23-13,unknown,P_ad_hp,EBPCR1+HpaII,E/Cina/11-7-23/004,A2,T/faisal/17-7-23/009,A2,,,ATACTGTGTCAGTGC,ATACTGTGTCAG,2490001,1441527,395729,18,2.11,good,HGHTWDRX3,1
3446954,DNote23-8392,Notechis,-,X23-09,unknown,P_ad_hp,EBPCR1+HpaII,E/Cina/11-7-23/004,B2,T/faisal/17-7-23/009,B2,,,CTATAGCGGCGTGCA,CTATAGCGGCG,2490002,1150698,352537,18,1.51,good,HGHTWDRX3,1
3446955,DNote23-8392,Notechis,-,NC_Jan2019_352,unknown,P_ad_hp,EBPCR1+HpaII,E/Cina/11-7-23/004,C2,T/faisal/17-7-23/009,C2,,,CTGTGAGAGCAATGC,CTGTGAGAGCAA,2490003,1159317,319232,10,1.37,good,HGHTWDRX3,1
3446956,DNote23-8392,Notechis,-,ss_UAE_881,unknown,P_ad_hp,EBPCR1+HpaII,E/Cina/11-7-23/004,D2,T/faisal/17-7-23/009,D2,,,ACACCTTGTTATGCA,ACACCTTGTTA,2490004,1356119,364715,21,2.23,good,HGHTWDRX3,1
3446957,DNote23-8392,Notechis,-,YB23-08,unknown,P_ad_hp,EBPCR1+HpaII,E/Cina/11-7-23/004,E2,T/faisal/17-7-23/009,E2,,,TAGTAGGACTTGCAG,TAGTAGGACT,2490005,1307607,326324,13,1.56,good,HGHTWDRX3,1
3446959,DNote23-8392,Notechis,-,KLS1289,unknown,P_ad_hp,EBPCR1+HpaII,E/Cina/11-7-23/004,G2,T/faisal/17-7-23/009,G2,,,CCTGTCTCTCAGAGT,CCTGTCTCTCAGAG,2490007,1288651,371156,31,4.27,good,HGHTWDRX3,1
3446960,DNote23-8392,Notechis,-,ss_UAE_874,unknown,P_ad_hp,EBPCR1+HpaII,E/Cina/11-7-23/004,H2,T/faisal/17-7-23/009,H2,,,GTCTCATCTTGAGTT,GTCTCATCTTGAGT,2490008,1421644,434380,18,2.57,good,HGHTWDRX3,1
3446961,DNote23-8392,Notechis,-,X23-28,unknown,P_ad_hp,EBPCR1+HpaII,E/Cina/11-7-23/004,A3,T/faisal/17-7-23/009,A3,,,TGCATAGATATGCAG,TGCATAGATA,2490009,1250383,305176,16,1.49,good,HGHTWDRX3,1
3446962,DNote23-8392,Notechis,-,X23-30,unknown,P_ad_hp,EBPCR1+HpaII,E/Cina/11-7-23/004,B3,T/faisal/17-7-23/009,B3,,,CTATTCTTAGTGCAG,CTATTCTTAG,2490010,1212462,315509,15,1.22,good,HGHTWDRX3,1
3446963,DNote23-8392,Notechis,-,X23-33,unknown,P_ad_hp,EBPCR1+HpaII,E/Cina/11-7-23/004,C3,T/faisal/17-7-23/009,C3,,,CTGTCCGCATATGCA,CTGTCCGCATA,2490011,1326121,380240,16,2.17,good,HGHTWDRX3,1
3446964,DNote23-8392,Notechis,-,ss_UAE_809,unknown,P_ad_hp,EBPCR1+HpaII,E/Cina/11-7-23/004,D3,T/faisal/17-7-23/009,D3,,,ACAGGCTAACACCAT,ACAGGCTAACACCA,2490012,1406427,420791,20,1.45,good,HGHTWDRX3,1
3446965,DNote23-8392,Notechis,-,ss_UAE_740,unknown,P_ad_hp,EBPCR1+HpaII,E/Cina/11-7-23/004,E3,T/faisal/17-7-23/009,E3,,,TGACGAGGTTGAAGT,TGACGAGGTTGAAG,2490013,1355242,355020,22,1.90,good,HGHTWDRX3,1
3446966,DNote23-8392,Notechis,-,X23-26,unknown,P_ad_hp,EBPCR1+HpaII,E/Cina/11-7-23/004,F3,T/faisal/17-7-23/009,F3,,,CTTGCCATCCGTGCA,CTTGCCATCCG,2490014,1323719,360938,16,2.10,good,HGHTWDRX3,1
3446967,DNote23-8392,Notechis,-,X23-06,unknown,P_ad_hp,EBPCR1+HpaII,E/Cina/11-7-23/004,G3,T/faisal/17-7-23/009,G3,,,AACCTTACTGTGCAG,AACCTTACTG,2490015,808256,186124,22,1.67,downshifted,HGHTWDRX3,1
3446969,DNote23-8392,Notechis,-,X23-27,unknown,P_ad_hp,EBPCR1+HpaII,E/Cina/11-7-23/004,A4,T/faisal/17-7-23/009,A4,,,ACGACAGAGTTCCTT,ACGACAGAGTTCCT,2490017,1371280,392050,13,1.83,good,HGHTWDRX3,1
3446970,DNote23-8392,Notechis,-,X23-05,unknown,P_ad_hp,EBPCR1+HpaII,E/Cina/11-7-23/004,B4,T/faisal/17-7-23/009,B4,,,TGGCGAGAGATGCAG,TGGCGAGAGA,2490018,1351258,369385,17,1.77,good,HGHTWDRX3,1
3446971,DNote23-8392,Notechis,-,ss_UAE_998,unknown,P_ad_hp,EBPCR1+HpaII,E/Cina/11-7-23/004,C4,T/faisal/17-7-23/009,C4,,,TCTTCGCTGGCACTT,TCTTCGCTGGCACT,2490019,1374919,412754,6,0.75,good,HGHTWDRX3,1
3446972,DNote23-8392,Notechis,-,NC_Jan2019_253,unknown,P_ad_hp,EBPCR1+HpaII,E/Cina/11-7-23/004,D4,T/faisal/17-7-23/009,D4,,,CGGTATCCACACAGT,CGGTATCCACACAG,2490020,1186415,307175,24,1.81,good,HGHTWDRX3,1
3446973,DNote23-8392,Notechis,-,ss_UAE_811,unknown,P_ad_hp,EBPCR1+HpaII,E/Cina/11-7-23/004,E4,T/faisal/17-7-23/009,E4,,,AGAAGTCATACGTTG,AGAAGTCATACGT,2490021,1452373,386901,28,1.98,good,HGHTWDRX3,1
3446974,DNote23-8392,Notechis,-,X23-24,unknown,P_ad_hp,EBPCR1+HpaII,E/Cina/11-7-23/004,F4,T/faisal/17-7-23/009,F4,,,ATCGTTGTCATGCAG,ATCGTTGTCA,2490022,1298604,377647,15,1.14,good,HGHTWDRX3,1
3446976,DNote23-8392,Notechis,-,ss_UAE_1018,unknown,P_ad_hp,EBPCR1+HpaII,E/Cina/11-7-23/004,H4,T/faisal/17-7-23/009,H4,,,TGAATCGGATTGCAG,TGAATCGGAT,2490024,1294668,348545,9,0.95,good,HGHTWDRX3,1
3446977,DNote23-8392,Notechis,-,X23-19,unknown,P_ad_hp,EBPCR1+HpaII,E/Cina/11-7-23/004,A5,T/faisal/17-7-23/009,A5,,,GACTCGGATAAGTGC,GACTCGGATAAG,2490025,695575,150466,21,1.28,downshifted,HGHTWDRX3,1
3446978,DNote23-8392,Notechis,-,NC_Jan2019_269,unknown,P_ad_hp,EBPCR1+HpaII,E/Cina/11-7-23/004,B5,T/faisal/17-7-23/009,B5,,,ACACGCTGATATATG,ACACGCTGATATA,2490026,1411549,424410,16,1.20,good,HGHTWDRX3,1
3446980,DNote23-8392,Notechis,-,NC_Jan2019_246,unknown,P_ad_hp,EBPCR1+HpaII,E/Cina/11-7-23/004,D5,T/faisal/17-7-23/009,D5,,,GTGGAGCCTGTTGCA,GTGGAGCCTGT,2490028,1262548,280885,17,3.45,downshifted,HGHTWDRX3,1
3446981,DNote23-8392,Notechis,-,NC_Jan2019_275,unknown,P_ad_hp,EBPCR1+HpaII,E/Cina/11-7-23/004,E5,T/faisal/17-7-23/009,E5,,,TGAATAGTGCTGTGC,TGAATAGTGCTG,2490029,1417378,405019,22,1.43,good,HGHTWDRX3,1
3446982,DNote23-8392,Notechis,-,ss_UAE_166,unknown,P_ad_hp,EBPCR1+HpaII,E/Cina/11-7-23/004,F5,T/faisal/17-7-23/009,F5,,,AGGATTACTGATTGC,AGGATTACTGAT,2490030,1486058,433970,13,1.44,good,HGHTWDRX3,1
3446983,DNote23-8392,Notechis,-,X23-14,unknown,P_ad_hp,EBPCR1+HpaII,E/Cina/11-7-23/004,G5,T/faisal/17-7-23/009,G5,,,AGGAGATCGCTATGC,AGGAGATCGCTA,2490031,1273514,321713,18,3.03,good,HGHTWDRX3,1
3446984,DNote23-8392,Notechis,-,X23-32,unknown,P_ad_hp,EBPCR1+HpaII,E/Cina/11-7-23/004,H5,T/faisal/17-7-23/009,H5,,,CCTTCTCGCTTGCAG,CCTTCTCGCT,2490032,1056216,259267,19,2.03,good,HGHTWDRX3,1
3446985,DNote23-8392,Notechis,-,NC_Jan2019_350,unknown,P_ad_hp,EBPCR1+HpaII,E/Cina/11-7-23/004,A6,T/faisal/17-7-23/009,A6,,,CCGATGAACGTCATT,CCGATGAACGTCAT,2490033,962850,257147,18,1.72,downshifted,HGHTWDRX3,1
3446986,DNote23-8392,Notechis,-,ss_UAE_635,unknown,P_ad_hp,EBPCR1+HpaII,E/Cina/11-7-23/004,B6,T/faisal/17-7-23/009,B6,,,AGTTGCGGCGATTGC,AGTTGCGGCGAT,2490034,1274356,434402,12,1.27,good,HGHTWDRX3,1
3446987,DNote23-8392,Notechis,-,X23-22,unknown,P_ad_hp,EBPCR1+HpaII,E/Cina/11-7-23/004,C6,T/faisal/17-7-23/009,C6,,,GTAATGTTGCTTCGT,GTAATGTTGCTTCG,2490035,1329693,365576,22,2.12,good,HGHTWDRX3,1
3446988,DNote23-8392,Notechis,-,YB23-16,unknown,P_ad_hp,EBPCR1+HpaII,E/Cina/11-7-23/004,D6,T/faisal/17-7-23/009,D6,,,CAGGTCAGTGGTGCA,CAGGTCAGTGG,2490036,1308352,368375,17,1.47,good,HGHTWDRX3,1
3446989,DNote23-8392,Notechis,-,YB23-19,unknown,P_ad_hp,EBPCR1+HpaII,E/Cina/11-7-23/004,E6,T/faisal/17-7-23/009,E6,,,GCTTGTTGGATGCAG,GCTTGTTGGA,2490037,1301454,333607,13,1.31,good,HGHTWDRX3,1
3446990,DNote23-8392,Notechis,-,YB23-07,unknown,P_ad_hp,EBPCR1+HpaII,E/Cina/11-7-23/004,F6,T/faisal/17-7-23/009,F6,,,ACTGTGAACCGTTGC,ACTGTGAACCGT,2490038,1040487,283579,18,1.44,good,HGHTWDRX3,1
3446991,DNote23-8392,Notechis,-,YB23-10,unknown,P_ad_hp,EBPCR1+HpaII,E/Cina/11-7-23/004,G6,T/faisal/17-7-23/009,G6,,,ATGTAATCTCGTGCA,ATGTAATCTCG,2490039,856676,178728,16,2.06,downshifted,HGHTWDRX3,1
3446993,DNote23-8392,Notechis,-,X23-29,unknown,P_ad_hp,EBPCR1+HpaII,E/Cina/11-7-23/004,A7,T/faisal/17-7-23/009,A7,,,CACACGATGGTTCTT,CACACGATGGTTCT,2490041,639005,141078,24,2.76,downshifted,HGHTWDRX3,1
3446994,DNote23-8392,Notechis,-,ss_UAE_865,unknown,P_ad_hp,EBPCR1+HpaII,E/Cina/11-7-23/004,B7,T/faisal/17-7-23/009,B7,,,AGTGGTTGAGGATGC,AGTGGTTGAGGA,2490042,1258434,130398,153,13.87,good,HGHTWDRX3,1
3446995,DNote23-8392,Notechis,-,X23-15,unknown,P_ad_hp,EBPCR1+HpaII,E/Cina/11-7-23/004,C7,T/faisal/17-7-23/009,C7,,,CCAGCGGTTGTGCAG,CCAGCGGTTG,2490043,1343427,368077,17,1.27,good,HGHTWDRX3,1
3446996,DNote23-8392,Notechis,-,YB23-22,unknown,P_ad_hp,EBPCR1+HpaII,E/Cina/11-7-23/004,D7,T/faisal/17-7-23/009,D7,,,GAGGTTACAATGCAG,GAGGTTACAA,2490044,1223452,261137,22,1.60,downshifted,HGHTWDRX3,1
3446999,DNote23-8392,Notechis,-,ss_UAE_231,unknown,P_ad_hp,EBPCR1+HpaII,E/Cina/11-7-23/004,G7,T/faisal/17-7-23/009,G7,,,CTAGTTAGTTCTATG,CTAGTTAGTTCTA,2490047,777044,179206,13,1.30,downshifted,HGHTWDRX3,1
3447000,DNote23-8392,Notechis,-,ss_UAE_333,unknown,P_ad_hp,EBPCR1+HpaII,E/Cina/11-7-23/004,H7,T/faisal/17-7-23/009,H7,,,GTGCGTTATAGGATG,GTGCGTTATAGGA,2490048,1109228,246008,6,0.62,downshifted,HGHTWDRX3,1
3447001,DNote23-8392,Notechis,-,X23-23,unknown,P_ad_hp,EBPCR1+HpaII,E/Cina/11-7-23/004,A8,T/faisal/17-7-23/009,A8,,,TTATATAGGCACAGT,TTATATAGGCACAG,2490049,1000034,232434,16,1.79,good,HGHTWDRX3,1
3447002,DNote23-8392,Notechis,-,ss_UAE_554,unknown,P_ad_hp,EBPCR1+HpaII,E/Cina/11-7-23/004,B8,T/faisal/17-7-23/009,B8,,,GTGAATAGGTATGCA,GTGAATAGGTA,2490050,1427448,382097,12,0.95,good,HGHTWDRX3,1
3447003,DNote23-8392,Notechis,-,X23-11,unknown,P_ad_hp,EBPCR1+HpaII,E/Cina/11-7-23/004,C8,T/faisal/17-7-23/009,C8,,,ACGTAGAGATCGTTG,ACGTAGAGATCGT,2490051,1183160,303162,17,1.83,good,HGHTWDRX3,1
3447004,DNote23-8392,Notechis,-,YB23-09,unknown,P_ad_hp,EBPCR1+HpaII,E/Cina/11-7-23/004,D8,T/faisal/17-7-23/009,D8,,,TAGTTCAACCGCATT,TAGTTCAACCGCAT,2490052,1244822,330610,16,1.72,good,HGHTWDRX3,1
3447005,DNote23-8392,Notechis,-,X23-16,unknown,P_ad_hp,EBPCR1+HpaII,E/Cina/11-7-23/004,E8,T/faisal/17-7-23/009,E8,,,CTACAACTGTAACTT,CTACAACTGTAACT,2490053,1060118,264647,13,1.60,good,HGHTWDRX3,1
3447006,DNote23-8392,Notechis,-,YB23-24,unknown,P_ad_hp,EBPCR1+HpaII,E/Cina/11-7-23/004,F8,T/faisal/17-7-23/009,F8,,,CAGGTCTAATCAATG,CAGGTCTAATCAA,2490054,1336110,348774,18,2.03,good,HGHTWDRX3,1
3447007,DNote23-8392,Notechis,-,ss_UAE_318,unknown,P_ad_hp,EBPCR1+HpaII,E/Cina/11-7-23/004,G8,T/faisal/17-7-23/009,G8,,,TATAAGGACTCCTTG,TATAAGGACTCCT,2490055,1436691,272980,147,2.45,good,HGHTWDRX3,1
3447009,DNote23-8392,Notechis,-,YB23-05,unknown,P_ad_hp,EBPCR1+HpaII,E/Cina/11-7-23/004,A9,T/faisal/17-7-23/009,A9,,,GAATATCTCGTGCAG,GAATATCTCG,2490057,1441546,373641,17,1.77,good,HGHTWDRX3,1
3447010,DNote23-8392,Notechis,-,X23-07,unknown,P_ad_hp,EBPCR1+HpaII,E/Cina/11-7-23/004,B9,T/faisal/17-7-23/009,B9,,,ACACGCAGGATATGC,ACACGCAGGATA,2490058,724582,154020,18,1.61,downshifted,HGHTWDRX3,1
3447011,DNote23-8392,Notechis,-,YB23-18,unknown,P_ad_hp,EBPCR1+HpaII,E/Cina/11-7-23/004,C9,T/faisal/17-7-23/009,C9,,,TGAACCACCTATGCA,TGAACCACCTA,2490059,1362510,351179,15,1.14,good,HGHTWDRX3,1
3447013,DNote23-8392,Notechis,-,ss_UAE_1023,unknown,P_ad_hp,EBPCR1+HpaII,E/Cina/11-7-23/004,E9,T/faisal/17-7-23/009,E9,,,TCAGACCTTGGTTGC,TCAGACCTTGGT,2490061,1136963,255459,11,1.90,good,HGHTWDRX3,1
3447014,DNote23-8392,Notechis,-,YB23-12,unknown,P_ad_hp,EBPCR1+HpaII,E/Cina/11-7-23/004,F9,T/faisal/17-7-23/009,F9,,,CTTGAGGTAATCTTG,CTTGAGGTAATCT,2490062,999451,232686,18,2.64,good,HGHTWDRX3,1
3447015,DNote23-8392,Notechis,-,YB23-21,unknown,P_ad_hp,EBPCR1+HpaII,E/Cina/11-7-23/004,G9,T/faisal/17-7-23/009,G9,,,TATCGGTCGTATGCA,TATCGGTCGTA,2490063,931248,281259,14,2.16,good,HGHTWDRX3,1
3447017,DNote23-8392,Notechis,-,YB23-13,unknown,P_ad_hp,EBPCR1+HpaII,E/Cina/11-7-23/004,A10,T/faisal/17-7-23/009,A10,,,TTCGCTCAGATGCAG,TTCGCTCAGA,2490065,768725,232890,18,1.95,good,HGHTWDRX3,1
3447018,DNote23-8392,Notechis,-,YB23-14,unknown,P_ad_hp,EBPCR1+HpaII,E/Cina/11-7-23/004,B10,T/faisal/17-7-23/009,B10,,,AGAAGGATGATGCAG,AGAAGGATGA,2490066,1290138,303582,16,1.88,good,HGHTWDRX3,1
3447020,DNote23-8392,Notechis,-,YB23-17,unknown,P_ad_hp,EBPCR1+HpaII,E/Cina/11-7-23/004,D10,T/faisal/17-7-23/009,D10,,,TGTGGACGGCAACGT,TGTGGACGGCAACG,2490068,1196827,290479,18,2.14,good,HGHTWDRX3,1
3447021,DNote23-8392,Notechis,-,YB23-01,unknown,P_ad_hp,EBPCR1+HpaII,E/Cina/11-7-23/004,E10,T/faisal/17-7-23/009,E10,,,AGCGTCGCCGATGGT,AGCGTCGCCGATGG,2490069,1146199,394491,13,1.48,good,HGHTWDRX3,1
3447022,DNote23-8392,Notechis,-,X23-10,unknown,P_ad_hp,EBPCR1+HpaII,E/Cina/11-7-23/004,F10,T/faisal/17-7-23/009,F10,,,CACTCTACTATGCAG,CACTCTACTA,2490070,1177984,300684,17,2.09,good,HGHTWDRX3,1
3447023,DNote23-8392,Notechis,-,ss_UAE_104,unknown,P_ad_hp,EBPCR1+HpaII,E/Cina/11-7-23/004,G10,T/faisal/17-7-23/009,G10,,,TATGTCAAGGAGTGC,TATGTCAAGGAG,2490071,986422,237577,9,1.35,downshifted,HGHTWDRX3,1
3447024,DNote23-8392,Notechis,-,YB23_23,unknown,P_ad_hp,EBPCR1+HpaII,E/Cina/11-7-23/004,H10,T/faisal/17-7-23/009,H10,,,GCTCATCCGCGTGCA,GCTCATCCGCG,2490072,567819,147008,15,1.26,downshifted,HGHTWDRX3,1
3447026,DNote23-8392,Notechis,-,YB23-06,unknown,P_ad_hp,EBPCR1+HpaII,E/Cina/11-7-23/004,B11,T/faisal/17-7-23/009,B11,,,AACTAACCAGTGCAG,AACTAACCAG,2490074,1418430,358811,17,1.67,good,HGHTWDRX3,1
3447028,DNote23-8392,Notechis,-,ss_UAE_462,unknown,P_ad_hp,EBPCR1+HpaII,E/Cina/11-7-23/004,D11,T/faisal/17-7-23/009,D11,,,AGAGGTTCATCCTTG,AGAGGTTCATCCT,2490076,1137759,250463,16,1.32,downshifted,HGHTWDRX3,1
3447031,DNote23-8392,Notechis,-,YB23-02,unknown,P_ad_hp,EBPCR1+HpaII,E/Cina/11-7-23/004,G11,T/faisal/17-7-23/009,G11,,,CAACGTGCTTATTGC,CAACGTGCTTAT,2490079,961971,238763,14,1.38,good,HGHTWDRX3,1
3447033,DNote23-8392,Notechis,-,ss_UAE_428,unknown,P_ad_hp,EBPCR1+HpaII,E/Cina/11-7-23/004,A12,T/faisal/17-7-23/009,A12,,,CCATTACATGAGGTG,CCATTACATGAGG,2490081,1356356,373339,2,0.39,good,HGHTWDRX3,1
3447034,DNote23-8392,Notechis,-,X23-07R,unknown,P_ad_hp,EBPCR1+HpaII,E/Cina/11-7-23/004,B12,T/faisal/17-7-23/009,B12,,,CTGCCGTCTGAATGC,CTGCCGTCTGAA,2490082,1094739,283407,18,1.66,good,HGHTWDRX3,1
3447037,DNote23-8392,Notechis,-,NC_Jan2019_242,unknown,P_ad_hp,EBPCR1+HpaII,E/Cina/11-7-23/004,E12,T/faisal/17-7-23/009,E12,,,GCAACCTTCATAATG,GCAACCTTCATAA,2490085,947540,214288,3,0.42,downshifted,HGHTWDRX3,1
3460962,DNote23-8392,Notechis,-,X23-13,unknown,P_ad_hp,EBPCR1+HpaII,E/Cina/11-7-23/004,A2,T/jind/24-7-23/005,A2,,,TATTGAGTGGTCGGT,TATTGAGTGGTCGG,2490001,1103842,295678,20,2.56,good,HGHTWDRX3,1
3460963,DNote23-8392,Notechis,-,X23-28,unknown,P_ad_hp,EBPCR1+HpaII,E/Cina/11-7-23/004,A3,T/jind/24-7-23/005,A3,,,AGTAGATGCGGTAGT,AGTAGATGCGGTAG,2490009,910152,226181,19,2.04,good,HGHTWDRX3,1
3460966,DNote23-8392,Notechis,-,X23-09,unknown,P_ad_hp,EBPCR1+HpaII,E/Cina/11-7-23/004,B2,T/jind/24-7-23/005,B2,,,TGTAGATGTATTGTG,TGTAGATGTATTG,2490002,848615,210422,15,1.92,good,HGHTWDRX3,1
3460970,DNote23-8392,Notechis,-,X23-33,unknown,P_ad_hp,EBPCR1+HpaII,E/Cina/11-7-23/004,C3,T/jind/24-7-23/005,C3,,,GTTAGGTAGAGCGGT,GTTAGGTAGAGCGG,2490011,787944,186719,20,2.60,good,HGHTWDRX3,1
3460971,DNote23-8392,Notechis,-,KLS1293,unknown,P_ad_hp,EBPCR1+HpaII,E/Cina/11-7-23/004,D1,T/jind/24-7-23/005,D1,,,GCGTGCCTGTTGCAG,GCGTGCCTGT,2489996,1172171,313674,40,6.44,good,HGHTWDRX3,1
3460973,DNote23-8392,Notechis,-,ss_UAE_809,unknown,P_ad_hp,EBPCR1+HpaII,E/Cina/11-7-23/004,D3,T/jind/24-7-23/005,D3,,,GCGTGGATATCCAAT,GCGTGGATATCCAA,2490012,775289,191612,16,2.69,good,HGHTWDRX3,1
3460974,DNote23-8392,Notechis,-,KLS1290,unknown,P_ad_hp,EBPCR1+HpaII,E/Cina/11-7-23/004,E1,T/jind/24-7-23/005,E1,,,CGTTACAGCGAGATG,CGTTACAGCGAGA,2489997,994402,288239,11,1.64,good,HGHTWDRX3,1
3460977,DNote23-8392,Notechis,-,KLS1288,unknown,P_ad_hp,EBPCR1+HpaII,E/Cina/11-7-23/004,F1,T/jind/24-7-23/005,F1,,,CGTGCGACCTGATGC,CGTGCGACCTGA,2489998,1091135,314977,25,5.49,good,HGHTWDRX3,1
3460980,DNote23-8392,Notechis,-,X23-18,unknown,P_ad_hp,EBPCR1+HpaII,E/Cina/11-7-23/004,G1,T/jind/24-7-23/005,G1,,,AAGTGCTCTGATGCA,AAGTGCTCTGA,2489999,1130150,282889,13,2.78,good,HGHTWDRX3,1
3460981,DNote23-8392,Notechis,-,KLS1289,unknown,P_ad_hp,EBPCR1+HpaII,E/Cina/11-7-23/004,G2,T/jind/24-7-23/005,G2,,,TACGAGCCAAGGTGC,TACGAGCCAAGG,2490007,807831,192568,28,3.27,good,HGHTWDRX3,1
3460983,DNote23-8392,Notechis,-,X23-02,unknown,P_ad_hp,EBPCR1+HpaII,E/Cina/11-7-23/004,H1,T/jind/24-7-23/005,H1,,,GCGAGACACCTTGCA,GCGAGACACCT,2490000,1335196,393341,9,1.58,good,HGHTWDRX3,1
3460984,DNote23-8392,Notechis,-,ss_UAE_874,unknown,P_ad_hp,EBPCR1+HpaII,E/Cina/11-7-23/004,H2,T/jind/24-7-23/005,H2,,,GCTAACTACTTACGT,GCTAACTACTTACG,2490008,981136,257522,14,2.89,good,HGHTWDRX3,1
