targetid,ordernumber,organism,species,genotype,tissue,aliastargetname,primersname,extractplatebarcode,extractplatewell,targetplatebarcode,targetplatewell,label,comment,barcode9l,barcode,extractid,tagcounttotal,tagcountunique,overrepcount,overreppct,targetquality,flowcellbarcode,flowcelllane
2892373,DNote22-7151,Notechis,-,Iran001,liver,P_ad_hp,EBPCR1+HpaII,E/viduship/17-6-22/012,A1,T/faisal/4-7-22/008,A1,,,TGATAGGCTAATGCA,TGATAGGCTAA,2042183,1656795,278079,45,4.94,downshifted,HCJWGDMXY,1
2892374,DNote22-7151,Notechis,-,KLS0131,liver,P_ad_hp,EBPCR1+HpaII,E/viduship/17-6-22/012,B1,T/faisal/4-7-22/008,B1,,,AATGTGCCTGTCAAT,AATGTGCCTGTCAA,2042184,1464919,302330,27,1.76,good,HCJWGDMXY,1
2892375,DNote22-7151,Notechis,-,SS170809-01,liver,P_ad_hp,EBPCR1+HpaII,E/viduship/17-6-22/012,C1,T/faisal/4-7-22/008,C1,,,GACAGAGAGATGCAG,GACAGAGAGA,2042185,1271312,327477,21,1.19,good,HCJWGDMXY,1
2892376,DNote22-7151,Notechis,-,VU53,liver,P_ad_hp,EBPCR1+HpaII,E/viduship/17-6-22/012,D1,T/faisal/4-7-22/008,D1,,,GCGACCTGAATGCAG,GCGACCTGAA,2042186,1270404,330917,24,1.41,good,HCJWGDMXY,1
2892377,DNote22-7151,Notechis,-,KLS0559,liver,P_ad_hp,EBPCR1+HpaII,E/viduship/17-6-22/012,E1,T/faisal/4-7-22/008,E1,,,ACGTGTTGTATTGCA,ACGTGTTGTAT,2042187,1296436,330708,13,0.90,good,HCJWGDMXY,1
2892378,DNote22-7151,Notechis,-,"KLS0564 R174540",liver,P_ad_hp,EBPCR1+HpaII,E/viduship/17-6-22/012,F1,T/faisal/4-7-22/008,F1,,,AAGTCTAGTCCTTAT,AAGTCTAGTCCTTA,2042188,1337181,319611,16,1.28,good,HCJWGDMXY,1
2892379,DNote22-7151,Notechis,-,KLS0795,liver,P_ad_hp,EBPCR1+HpaII,E/viduship/17-6-22/012,G1,T/faisal/4-7-22/008,G1,,,GTCTAGGTCTGTGCA,GTCTAGGTCTG,2042189,1407418,323254,13,0.96,good,HCJWGDMXY,1
2892380,DNote22-7151,Notechis,-,VU21,liver,P_ad_hp,EBPCR1+HpaII,E/viduship/17-6-22/012,H1,T/faisal/4-7-22/008,H1,,,GTCTCTTCACTAATG,GTCTCTTCACTAA,2042190,1269016,367868,23,1.34,good,HCJWGDMXY,1
2892381,DNote22-7151,Notechis,-,KLS1121,liver,P_ad_hp,EBPCR1+HpaII,E/viduship/17-6-22/012,A2,T/faisal/4-7-22/008,A2,,,CCAGTGCCACTATGC,CCAGTGCCACTA,2042191,1375041,322410,23,1.54,good,HCJWGDMXY,1
2892382,DNote22-7151,Notechis,-,R3178,liver,P_ad_hp,EBPCR1+HpaII,E/viduship/17-6-22/012,B2,T/faisal/4-7-22/008,B2,,,TTAGTGGTCAGTTGC,TTAGTGGTCAGT,2042192,1400933,267680,10,0.96,good,HCJWGDMXY,1
2892383,DNote22-7151,Notechis,-,VU33,liver,P_ad_hp,EBPCR1+HpaII,E/viduship/17-6-22/012,C2,T/faisal/4-7-22/008,C2,,,TGACTCAATCTCAGT,TGACTCAATCTCAG,2042193,1230802,344131,29,1.69,good,HCJWGDMXY,1
2892384,DNote22-7151,Notechis,-,MT215,liver,P_ad_hp,EBPCR1+HpaII,E/viduship/17-6-22/012,D2,T/faisal/4-7-22/008,D2,,,AGTGGAACACCGATG,AGTGGAACACCGA,2042194,1221023,198397,9,1.82,downshifted,HCJWGDMXY,1
2892386,DNote22-7151,Notechis,-,SS170810-01,liver,P_ad_hp,EBPCR1+HpaII,E/viduship/17-6-22/012,F2,T/faisal/4-7-22/008,F2,,,TAGGTCATGAACTTG,TAGGTCATGAACT,2042196,1276350,315681,35,1.70,good,HCJWGDMXY,1
2892388,DNote22-7151,Notechis,-,KLS0938,liver,P_ad_hp,EBPCR1+HpaII,E/viduship/17-6-22/012,H2,T/faisal/4-7-22/008,H2,,,TATTATTGTCCTTGC,TATTATTGTCCT,2042198,1188004,297142,11,1.11,good,HCJWGDMXY,1
2892390,DNote22-7151,Notechis,-,KLS0886,liver,P_ad_hp,EBPCR1+HpaII,E/viduship/17-6-22/012,B3,T/faisal/4-7-22/008,B3,,,TGCTCGGACGGAATG,TGCTCGGACGGAA,2042200,1518843,712303,8,1.60,good,HCJWGDMXY,1
2892391,DNote22-7151,Notechis,-,VU116,liver,P_ad_hp,EBPCR1+HpaII,E/viduship/17-6-22/012,C3,T/faisal/4-7-22/008,C3,,,TCTTCTGTGTGCGTT,TCTTCTGTGTGCGT,2042201,1194439,300043,17,1.02,good,HCJWGDMXY,1
2892392,DNote22-7151,Notechis,-,KLS0804,liver,P_ad_hp,EBPCR1+HpaII,E/viduship/17-6-22/012,D3,T/faisal/4-7-22/008,D3,,,TGACCGATGACATTG,TGACCGATGACAT,2042202,1304327,317680,19,0.94,good,HCJWGDMXY,1
2892393,DNote22-7151,Notechis,-,SS171025-02,liver,P_ad_hp,EBPCR1+HpaII,E/viduship/17-6-22/012,E3,T/faisal/4-7-22/008,E3,,,AACTGGCACTTATGC,AACTGGCACTTA,2042203,1248388,303589,21,4.81,good,HCJWGDMXY,1
2892394,DNote22-7151,Notechis,-,VU20,liver,P_ad_hp,EBPCR1+HpaII,E/viduship/17-6-22/012,F3,T/faisal/4-7-22/008,F3,,,AACGAGTCCTATAAT,AACGAGTCCTATAA,2042204,1192002,405820,23,1.54,good,HCJWGDMXY,1
2892400,DNote22-7151,Notechis,-,KLS0923,liver,P_ad_hp,EBPCR1+HpaII,E/viduship/17-6-22/012,D4,T/faisal/4-7-22/008,D4,,,AGTCGTAGACCACTT,AGTCGTAGACCACT,2042210,1245657,309826,13,1.16,good,HCJWGDMXY,1
2892401,DNote22-7151,Notechis,-,R37032,liver,P_ad_hp,EBPCR1+HpaII,E/viduship/17-6-22/012,E4,T/faisal/4-7-22/008,E4,,,ATGCTGCCAATGCAG,ATGCTGCCAA,2042211,1352065,308551,30,2.08,good,HCJWGDMXY,1
2892402,DNote22-7151,Notechis,-,MW04722,liver,P_ad_hp,EBPCR1+HpaII,E/viduship/17-6-22/012,F4,T/faisal/4-7-22/008,F4,,,GCACTATGGTATTGC,GCACTATGGTAT,2042212,1081707,159510,23,6.91,downshifted,HCJWGDMXY,1
2892403,DNote22-7151,Notechis,-,KLS0896,liver,P_ad_hp,EBPCR1+HpaII,E/viduship/17-6-22/012,G4,T/faisal/4-7-22/008,G4,,,GTCCTAGGCTATCGT,GTCCTAGGCTATCG,2042213,1300532,289829,25,3.87,good,HCJWGDMXY,1
2892404,DNote22-7151,Notechis,-,SS171106-03,liver,P_ad_hp,EBPCR1+HpaII,E/viduship/17-6-22/012,H4,T/faisal/4-7-22/008,H4,,,TCACGCTAGACCTAT,TCACGCTAGACCTA,2042214,1322885,518360,8,2.33,good,HCJWGDMXY,1
2892405,DNote22-7151,Notechis,-,KLS0881,liver,P_ad_hp,EBPCR1+HpaII,E/viduship/17-6-22/012,A5,T/faisal/4-7-22/008,A5,,,CAGACCGTCGTGCAG,CAGACCGTCG,2042215,1452150,331065,17,1.07,good,HCJWGDMXY,1
2892406,DNote22-7151,Notechis,-,KLS0983,liver,P_ad_hp,EBPCR1+HpaII,E/viduship/17-6-22/012,B5,T/faisal/4-7-22/008,B5,,,CAATACTCTTCGGAT,CAATACTCTTCGGA,2042216,1382156,335331,14,0.87,good,HCJWGDMXY,1
2892407,DNote22-7151,Notechis,-,KLS0986,liver,P_ad_hp,EBPCR1+HpaII,E/viduship/17-6-22/012,C5,T/faisal/4-7-22/008,C5,,,TTGAACGATGTGCAG,TTGAACGATG,2042217,1258683,311582,15,0.91,good,HCJWGDMXY,1
2892409,DNote22-7151,Notechis,-,KLS0527,liver,P_ad_hp,EBPCR1+HpaII,E/viduship/17-6-22/012,E5,T/faisal/4-7-22/008,E5,,,AACACCTGCATTGCA,AACACCTGCAT,2042219,1227182,319695,12,1.06,good,HCJWGDMXY,1
2892410,DNote22-7151,Notechis,-,KLS1274,liver,P_ad_hp,EBPCR1+HpaII,E/viduship/17-6-22/012,F5,T/faisal/4-7-22/008,F5,,,CTCCTATGCTTGCAG,CTCCTATGCT,2042220,1243437,318262,11,0.84,good,HCJWGDMXY,1
2892412,DNote22-7151,Notechis,-,KLS1227,liver,P_ad_hp,EBPCR1+HpaII,E/viduship/17-6-22/012,H5,T/faisal/4-7-22/008,H5,,,CTCTGGTGTAATGCA,CTCTGGTGTAA,2042222,1202559,377957,13,0.85,good,HCJWGDMXY,1
2892413,DNote22-7151,Notechis,-,KLS1168,liver,P_ad_hp,EBPCR1+HpaII,E/viduship/17-6-22/012,A6,T/faisal/4-7-22/008,A6,,,CTACAACGTCAGAGT,CTACAACGTCAGAG,2042223,1494372,391973,22,1.92,good,HCJWGDMXY,1
2892414,DNote22-7151,Notechis,-,VU38,liver,P_ad_hp,EBPCR1+HpaII,E/viduship/17-6-22/012,B6,T/faisal/4-7-22/008,B6,,,AACAGAGTCCGATGC,AACAGAGTCCGA,2042224,1334237,316733,15,1.19,good,HCJWGDMXY,1
2892416,DNote22-7151,Notechis,-,KLS1206,liver,P_ad_hp,EBPCR1+HpaII,E/viduship/17-6-22/012,D6,T/faisal/4-7-22/008,D6,,,TGTGGACATCATGCA,TGTGGACATCA,2042226,1285976,316374,15,0.88,good,HCJWGDMXY,1
2892417,DNote22-7151,Notechis,-,VU62,liver,P_ad_hp,EBPCR1+HpaII,E/viduship/17-6-22/012,E6,T/faisal/4-7-22/008,E6,,,GACTAACTTGCTATG,GACTAACTTGCTA,2042227,1268281,321482,20,1.28,good,HCJWGDMXY,1
2892418,DNote22-7151,Notechis,-,VU143,liver,P_ad_hp,EBPCR1+HpaII,E/viduship/17-6-22/012,F6,T/faisal/4-7-22/008,F6,,,AGGCGATCTGTGCAG,AGGCGATCTG,2042228,1302796,340451,14,0.88,good,HCJWGDMXY,1
2892421,DNote22-7151,Notechis,-,KLS1204,liver,P_ad_hp,EBPCR1+HpaII,E/viduship/17-6-22/012,A7,T/faisal/4-7-22/008,A7,,,GAGTGTGCATTGCAG,GAGTGTGCAT,2042231,1344343,336253,14,0.88,good,HCJWGDMXY,1
2892422,DNote22-7151,Notechis,-,SS170813-01,liver,P_ad_hp,EBPCR1+HpaII,E/viduship/17-6-22/012,B7,T/faisal/4-7-22/008,B7,,,CCTAGGCGAGTGCAG,CCTAGGCGAG,2042232,1320183,330275,31,1.83,good,HCJWGDMXY,1
2892423,DNote22-7151,Notechis,-,BD342,liver,P_ad_hp,EBPCR1+HpaII,E/viduship/17-6-22/012,C7,T/faisal/4-7-22/008,C7,,,CTCAACATTCAGGAT,CTCAACATTCAGGA,2042233,1319293,327461,32,1.73,good,HCJWGDMXY,1
2892424,DNote22-7151,Notechis,-,R37128,liver,P_ad_hp,EBPCR1+HpaII,E/viduship/17-6-22/012,D7,T/faisal/4-7-22/008,D7,,,GAACCACGACAGTGC,GAACCACGACAG,2042234,1221869,225788,27,1.32,good,HCJWGDMXY,1
2892425,DNote22-7151,Notechis,-,SS171011-02,liver,P_ad_hp,EBPCR1+HpaII,E/viduship/17-6-22/012,E7,T/faisal/4-7-22/008,E7,,,TGCGTCCTATGTTAT,TGCGTCCTATGTTA,2042235,1183574,294849,25,1.99,good,HCJWGDMXY,1
2892426,DNote22-7151,Notechis,-,R36967,liver,P_ad_hp,EBPCR1+HpaII,E/viduship/17-6-22/012,F7,T/faisal/4-7-22/008,F7,,,CCAAGAACCGCGATT,CCAAGAACCGCGAT,2042236,1059240,188321,26,1.64,good,HCJWGDMXY,1
2892427,DNote22-7151,Notechis,-,KLS1163,liver,P_ad_hp,EBPCR1+HpaII,E/viduship/17-6-22/012,G7,T/faisal/4-7-22/008,G7,,,AGAGCACCTTGTGCA,AGAGCACCTTG,2042237,1359734,339319,20,1.61,good,HCJWGDMXY,1
2892428,DNote22-7151,Notechis,-,MT177,liver,P_ad_hp,EBPCR1+HpaII,E/viduship/17-6-22/012,H7,T/faisal/4-7-22/008,H7,,,TGGAGCCTTGATGCA,TGGAGCCTTGA,2042238,805721,112024,11,1.50,downshifted,HCJWGDMXY,1
2892431,DNote22-7151,Notechis,-,KLS1273,liver,P_ad_hp,EBPCR1+HpaII,E/viduship/17-6-22/012,C8,T/faisal/4-7-22/008,C8,,,TTAGAGTCCGATGCA,TTAGAGTCCGA,2042241,1144122,301105,16,0.93,good,HCJWGDMXY,1
2892432,DNote22-7151,Notechis,-,SS171104-01,liver,P_ad_hp,EBPCR1+HpaII,E/viduship/17-6-22/012,D8,T/faisal/4-7-22/008,D8,,,ATGCACTGTTCTTGC,ATGCACTGTTCT,2042242,1235809,331674,15,1.72,good,HCJWGDMXY,1
2892434,DNote22-7151,Notechis,-,KLS1200,liver,P_ad_hp,EBPCR1+HpaII,E/viduship/17-6-22/012,F8,T/faisal/4-7-22/008,F8,,,AAGTCATCCATGGTT,AAGTCATCCATGGT,2042244,1207076,307258,16,0.93,good,HCJWGDMXY,1
2892435,DNote22-7151,Notechis,-,SS170815-01,liver,P_ad_hp,EBPCR1+HpaII,E/viduship/17-6-22/012,G8,T/faisal/4-7-22/008,G8,,,GCTGTCTGGTCATGC,GCTGTCTGGTCA,2042245,1232291,304900,25,1.67,good,HCJWGDMXY,1
2892437,DNote22-7151,Notechis,-,R36974,liver,P_ad_hp,EBPCR1+HpaII,E/viduship/17-6-22/012,A9,T/faisal/4-7-22/008,A9,,,TTGTTCCGTCATGCA,TTGTTCCGTCA,2042247,1084871,153289,22,1.68,downshifted,HCJWGDMXY,1
2892438,DNote22-7151,Notechis,-,KLS0679,liver,P_ad_hp,EBPCR1+HpaII,E/viduship/17-6-22/012,B9,T/faisal/4-7-22/008,B9,,,TCTAAGGTATTGCAG,TCTAAGGTAT,2042248,1365940,301075,19,1.15,good,HCJWGDMXY,1
2892440,DNote22-7151,Notechis,-,SS170815-04,liver,P_ad_hp,EBPCR1+HpaII,E/viduship/17-6-22/012,D9,T/faisal/4-7-22/008,D9,,,GCCATGATGAATGCA,GCCATGATGAA,2042250,1337394,345532,29,1.46,good,HCJWGDMXY,1
2892441,DNote22-7151,Notechis,-,KLS1161,liver,P_ad_hp,EBPCR1+HpaII,E/viduship/17-6-22/012,E9,T/faisal/4-7-22/008,E9,,,TATTGTAACGGTGTG,TATTGTAACGGTG,2042251,1244065,311039,30,1.82,good,HCJWGDMXY,1
2892443,DNote22-7151,Notechis,-,KLS0681,liver,P_ad_hp,EBPCR1+HpaII,E/viduship/17-6-22/012,G9,T/faisal/4-7-22/008,G9,,,CCATGTGTAGTATGC,CCATGTGTAGTA,2042253,1267916,302071,15,0.89,good,HCJWGDMXY,1
2892444,DNote22-7151,Notechis,-,KLS1173,liver,P_ad_hp,EBPCR1+HpaII,E/viduship/17-6-22/012,H9,T/faisal/4-7-22/008,H9,,,GTTAGCGATAATGCA,GTTAGCGATAA,2042254,1304269,310930,16,0.90,good,HCJWGDMXY,1
2892446,DNote22-7151,Notechis,-,NC_Jan2019_217,liver,P_ad_hp,EBPCR1+HpaII,E/viduship/17-6-22/012,B10,T/faisal/4-7-22/008,B10,,,ATAAGTGGTTGCCGT,ATAAGTGGTTGCCG,2042256,1404373,334080,26,1.87,good,HCJWGDMXY,1
2892447,DNote22-7151,Notechis,-,SS170820-05,liver,P_ad_hp,EBPCR1+HpaII,E/viduship/17-6-22/012,C10,T/faisal/4-7-22/008,C10,,,CGTTGGTGATTGCAG,CGTTGGTGAT,2042257,1055492,238528,18,1.53,good,HCJWGDMXY,1
2892448,DNote22-7151,Notechis,-,KLS1169,liver,P_ad_hp,EBPCR1+HpaII,E/viduship/17-6-22/012,D10,T/faisal/4-7-22/008,D10,,,CGGCAGCAGGTATGC,CGGCAGCAGGTA,2042258,1279890,315180,32,1.68,good,HCJWGDMXY,1
2892449,DNote22-7151,Notechis,-,KLS1182,liver,P_ad_hp,EBPCR1+HpaII,E/viduship/17-6-22/012,E10,T/faisal/4-7-22/008,E10,,,ACTTGTGGCGGTGCA,ACTTGTGGCGG,2042259,1509645,330314,15,0.98,good,HCJWGDMXY,1
2892450,DNote22-7151,Notechis,-,KLS0604,liver,P_ad_hp,EBPCR1+HpaII,E/viduship/17-6-22/012,F10,T/faisal/4-7-22/008,F10,,,ACCGTTCACGTATGC,ACCGTTCACGTA,2042260,1338138,320091,14,1.01,good,HCJWGDMXY,1
2892451,DNote22-7151,Notechis,-,KLS0687,liver,P_ad_hp,EBPCR1+HpaII,E/viduship/17-6-22/012,G10,T/faisal/4-7-22/008,G10,,,GTTATAATCGTGCAG,GTTATAATCG,2042261,1275346,304233,13,0.97,good,HCJWGDMXY,1
2892452,DNote22-7151,Notechis,-,KLS0843,liver,P_ad_hp,EBPCR1+HpaII,E/viduship/17-6-22/012,H10,T/faisal/4-7-22/008,H10,,,TTCATGAAGGTGCAG,TTCATGAAGG,2042262,1455299,301975,10,1.11,good,HCJWGDMXY,1
2892453,DNote22-7151,Notechis,-,Iran002,liver,P_ad_hp,EBPCR1+HpaII,E/viduship/17-6-22/012,A11,T/faisal/4-7-22/008,A11,,,CGTATGTTACGAATG,CGTATGTTACGAA,2042263,1378159,196909,43,4.02,downshifted,HCJWGDMXY,1
2892454,DNote22-7151,Notechis,-,KLS0660,liver,P_ad_hp,EBPCR1+HpaII,E/viduship/17-6-22/012,B11,T/faisal/4-7-22/008,B11,,,TTATCAGAGACCAGT,TTATCAGAGACCAG,2042264,1379288,215663,24,5.24,good,HCJWGDMXY,1
2892455,DNote22-7151,Notechis,-,KLS0675,liver,P_ad_hp,EBPCR1+HpaII,E/viduship/17-6-22/012,C11,T/faisal/4-7-22/008,C11,,,TGATTGCTGAGATGC,TGATTGCTGAGA,2042265,1300225,292186,17,1.04,good,HCJWGDMXY,1
2892456,DNote22-7151,Notechis,-,KLS0858,liver,P_ad_hp,EBPCR1+HpaII,E/viduship/17-6-22/012,D11,T/faisal/4-7-22/008,D11,,,ACCACCAACGGCGGT,ACCACCAACGGCGG,2042266,1246670,310660,7,1.33,good,HCJWGDMXY,1
2892457,DNote22-7151,Notechis,-,VU135,liver,P_ad_hp,EBPCR1+HpaII,E/viduship/17-6-22/012,E11,T/faisal/4-7-22/008,E11,,,CCATCACTTATGCAG,CCATCACTTA,2042267,1206350,278802,5,0.64,good,HCJWGDMXY,1
2892458,DNote22-7151,Notechis,-,R37027,liver,P_ad_hp,EBPCR1+HpaII,E/viduship/17-6-22/012,F11,T/faisal/4-7-22/008,F11,,,CACAACACGAGCAAT,CACAACACGAGCAA,2042268,1172066,210267,20,1.80,good,HCJWGDMXY,1
2892459,DNote22-7151,Notechis,-,R37003,liver,P_ad_hp,EBPCR1+HpaII,E/viduship/17-6-22/012,G11,T/faisal/4-7-22/008,G11,,,GCCGAACCGAATGCA,GCCGAACCGAA,2042269,1148809,191649,29,1.85,good,HCJWGDMXY,1
2892460,DNote22-7151,Notechis,-,R37010,liver,P_ad_hp,EBPCR1+HpaII,E/viduship/17-6-22/012,H11,T/faisal/4-7-22/008,H11,,,CTACTCGTTAGAATG,CTACTCGTTAGAA,2042270,1380082,228336,38,1.65,good,HCJWGDMXY,1
2892461,DNote22-7151,Notechis,-,R37025,liver,P_ad_hp,EBPCR1+HpaII,E/viduship/17-6-22/012,A12,T/faisal/4-7-22/008,A12,,,TGTGCGACACGTGCA,TGTGCGACACG,2042271,1325683,232669,19,1.66,good,HCJWGDMXY,1
2892462,DNote22-7151,Notechis,-,R37140,liver,P_ad_hp,EBPCR1+HpaII,E/viduship/17-6-22/012,B12,T/faisal/4-7-22/008,B12,,,AGGATGCTCAGTGCA,AGGATGCTCAG,2042272,1325251,261634,26,1.62,good,HCJWGDMXY,1
2892463,DNote22-7151,Notechis,-,KLS0857,liver,P_ad_hp,EBPCR1+HpaII,E/viduship/17-6-22/012,C12,T/faisal/4-7-22/008,C12,,,CGCGTCTCCATTGCA,CGCGTCTCCAT,2042273,1307747,356891,24,1.13,good,HCJWGDMXY,1
2892464,DNote22-7151,Notechis,-,R37122,liver,P_ad_hp,EBPCR1+HpaII,E/viduship/17-6-22/012,D12,T/faisal/4-7-22/008,D12,,,TCTAACGTTCCGTGC,TCTAACGTTCCG,2042274,1255988,187733,20,1.51,downshifted,HCJWGDMXY,1
2892465,DNote22-7151,Notechis,-,KLS0534,liver,P_ad_hp,EBPCR1+HpaII,E/viduship/17-6-22/012,E12,T/faisal/4-7-22/008,E12,,,ACCTGCCACAATGCA,ACCTGCCACAA,2042275,1555599,259744,10,1.61,downshifted,HCJWGDMXY,1
2892466,DNote22-7151,Notechis,-,A62,liver,P_ad_hp,EBPCR1+HpaII,E/viduship/17-6-22/012,F12,T/faisal/4-7-22/008,F12,,,TGAGGTAGCACGTGC,TGAGGTAGCACG,2042276,1448952,257899,8,3.60,good,HCJWGDMXY,1
2892468,DNote22-7151,Notechis,-,KLS0678,liver,P_ad_hp,EBPCR1+HpaII,E/viduship/17-6-22/013,A1,T/faisal/4-7-22/009,A1,,,TTCCGATCTCTCAAT,TTCCGATCTCTCAA,2042277,1282262,302371,16,1.03,good,HCJWGDMXY,1
2892469,DNote22-7151,Notechis,-,SS170820-02,liver,P_ad_hp,EBPCR1+HpaII,E/viduship/17-6-22/013,B1,T/faisal/4-7-22/009,B1,,,ACCTGTGTGCACGTG,ACCTGTGTGCACG,2042278,1292898,300696,18,1.24,good,HCJWGDMXY,1
2892470,DNote22-7151,Notechis,-,R37116,liver,P_ad_hp,EBPCR1+HpaII,E/viduship/17-6-22/013,C1,T/faisal/4-7-22/009,C1,,,ATTCAGTCCTGTGGT,ATTCAGTCCTGTGG,2042279,1299315,249406,32,2.04,downshifted,HCJWGDMXY,1
2892471,DNote22-7151,Notechis,-,KLS0797,liver,P_ad_hp,EBPCR1+HpaII,E/viduship/17-6-22/013,D1,T/faisal/4-7-22/009,D1,,,GACTCATGCCATTGC,GACTCATGCCAT,2042280,1260215,323467,32,1.81,good,HCJWGDMXY,1
2892472,DNote22-7151,Notechis,-,SS171105-01,liver,P_ad_hp,EBPCR1+HpaII,E/viduship/17-6-22/013,E1,T/faisal/4-7-22/009,E1,,,AGATATATCCTATGC,AGATATATCCTA,2042281,1342869,331240,33,1.61,good,HCJWGDMXY,1
2892473,DNote22-7151,Notechis,-,SS170815-03,liver,P_ad_hp,EBPCR1+HpaII,E/viduship/17-6-22/013,F1,T/faisal/4-7-22/009,F1,,,GATGATGCGATGTGC,GATGATGCGATG,2042282,1381901,348180,31,1.69,good,HCJWGDMXY,1
2892474,DNote22-7151,Notechis,-,KLS0680,liver,P_ad_hp,EBPCR1+HpaII,E/viduship/17-6-22/013,G1,T/faisal/4-7-22/009,G1,,,CCTGAATAATGCTAT,CCTGAATAATGCTA,2042283,1396831,266947,7,0.53,good,HCJWGDMXY,1
2892475,DNote22-7151,Notechis,-,SS170809-03,liver,P_ad_hp,EBPCR1+HpaII,E/viduship/17-6-22/013,H1,T/faisal/4-7-22/009,H1,,,TACTTCATCGTGCAG,TACTTCATCG,2042284,1343439,354243,20,1.08,good,HCJWGDMXY,1
2892476,DNote22-7151,Notechis,-,NC_Jan2019_247,liver,P_ad_hp,EBPCR1+HpaII,E/viduship/17-6-22/013,A2,T/faisal/4-7-22/009,A2,,,ACAGAGACCGCGGTG,ACAGAGACCGCGG,2042285,1346267,314975,25,1.71,good,HCJWGDMXY,1
2892477,DNote22-7151,Notechis,-,VU47,liver,P_ad_hp,EBPCR1+HpaII,E/viduship/17-6-22/013,B2,T/faisal/4-7-22/009,B2,,,AAGAGATCCGCCATG,AAGAGATCCGCCA,2042286,1344537,340417,19,1.26,good,HCJWGDMXY,1
2892478,DNote22-7151,Notechis,-,KLS0634,liver,P_ad_hp,EBPCR1+HpaII,E/viduship/17-6-22/013,C2,T/faisal/4-7-22/009,C2,,,GTAACACACTTGCAG,GTAACACACT,2042287,1338552,235024,10,9.59,good,HCJWGDMXY,1
2892479,DNote22-7151,Notechis,-,SS171106-02,liver,P_ad_hp,EBPCR1+HpaII,E/viduship/17-6-22/013,D2,T/faisal/4-7-22/009,D2,,,TTCGCCGCGGTCATG,TTCGCCGCGGTCA,2042288,1234809,363761,27,1.63,good,HCJWGDMXY,1
2892480,DNote22-7151,Notechis,-,KLS0573,liver,P_ad_hp,EBPCR1+HpaII,E/viduship/17-6-22/013,E2,T/faisal/4-7-22/009,E2,,,AGCCATCACGGTGCA,AGCCATCACGG,2042289,1431497,358004,18,1.18,good,HCJWGDMXY,1
2892481,DNote22-7151,Notechis,-,B17,liver,P_ad_hp,EBPCR1+HpaII,E/viduship/17-6-22/013,F2,T/faisal/4-7-22/009,F2,,,GCGTCTTGAAGTCTT,GCGTCTTGAAGTCT,2042290,1407440,216500,19,1.59,downshifted,HCJWGDMXY,1
2892482,DNote22-7151,Notechis,-,VU37,liver,P_ad_hp,EBPCR1+HpaII,E/viduship/17-6-22/013,G2,T/faisal/4-7-22/009,G2,,,AGACGCGGACAGTGC,AGACGCGGACAG,2042291,1444835,334313,32,2.09,good,HCJWGDMXY,1
2892483,DNote22-7151,Notechis,-,BD337,liver,P_ad_hp,EBPCR1+HpaII,E/viduship/17-6-22/013,H2,T/faisal/4-7-22/009,H2,,,TCACTGAGAGTATGC,TCACTGAGAGTA,2042292,1400213,328952,19,1.11,good,HCJWGDMXY,1
2892484,DNote22-7151,Notechis,-,KLS1167,liver,P_ad_hp,EBPCR1+HpaII,E/viduship/17-6-22/013,A3,T/faisal/4-7-22/009,A3,,,CTTGTGTCCATATGC,CTTGTGTCCATA,2042293,1218426,301411,32,1.95,good,HCJWGDMXY,1
2892485,DNote22-7151,Notechis,-,KLS1165,liver,P_ad_hp,EBPCR1+HpaII,E/viduship/17-6-22/013,B3,T/faisal/4-7-22/009,B3,,,GAGTCGGCGGATATG,GAGTCGGCGGATA,2042294,1276026,302195,35,2.40,good,HCJWGDMXY,1
2892486,DNote22-7151,Notechis,-,R37034,liver,P_ad_hp,EBPCR1+HpaII,E/viduship/17-6-22/013,C3,T/faisal/4-7-22/009,C3,,,AGCATGATGCGGTGC,AGCATGATGCGG,2042295,1219854,259843,33,2.66,good,HCJWGDMXY,1
2892487,DNote22-7151,Notechis,-,BD304,liver,P_ad_hp,EBPCR1+HpaII,E/viduship/17-6-22/013,D3,T/faisal/4-7-22/009,D3,,,AGCCTAGTTCTCTTG,AGCCTAGTTCTCT,2042296,1246728,288316,33,2.07,good,HCJWGDMXY,1
2892488,DNote22-7151,Notechis,-,R3-600,liver,P_ad_hp,EBPCR1+HpaII,E/viduship/17-6-22/013,E3,T/faisal/4-7-22/009,E3,,,ACCGTGAATGTGCAG,ACCGTGAATG,2042297,1441095,319456,31,3.65,good,HCJWGDMXY,1
2892489,DNote22-7151,Notechis,-,NC_Jan2019_213,liver,P_ad_hp,EBPCR1+HpaII,E/viduship/17-6-22/013,F3,T/faisal/4-7-22/009,F3,,,AGCAGAATGGCAGGT,AGCAGAATGGCAGG,2042298,1402632,452083,22,1.58,good,HCJWGDMXY,1
2892490,DNote22-7151,Notechis,-,R37113,liver,P_ad_hp,EBPCR1+HpaII,E/viduship/17-6-22/013,G3,T/faisal/4-7-22/009,G3,,,AGCACTCGCCATTGC,AGCACTCGCCAT,2042299,1492275,264547,47,3.93,downshifted,HCJWGDMXY,1
2892491,DNote22-7151,Notechis,-,KLS0677,liver,P_ad_hp,EBPCR1+HpaII,E/viduship/17-6-22/013,H3,T/faisal/4-7-22/009,H3,,,CTTGGCAGGTTGCAG,CTTGGCAGGT,2042300,1352767,313786,24,1.08,good,HCJWGDMXY,1
2892492,DNote22-7151,Notechis,-,KLS0044,liver,P_ad_hp,EBPCR1+HpaII,E/viduship/17-6-22/013,A4,T/faisal/4-7-22/009,A4,,,CCATAAGACCATAAT,CCATAAGACCATAA,2042301,1357874,303297,33,1.63,good,HCJWGDMXY,1
2892493,DNote22-7151,Notechis,-,SS170816-01,liver,P_ad_hp,EBPCR1+HpaII,E/viduship/17-6-22/013,B4,T/faisal/4-7-22/009,B4,,,ATCAACACTTGCGTG,ATCAACACTTGCG,2042302,1382534,340647,37,2.22,good,HCJWGDMXY,1
2892494,DNote22-7151,Notechis,-,SS170822-01,liver,P_ad_hp,EBPCR1+HpaII,E/viduship/17-6-22/013,C4,T/faisal/4-7-22/009,C4,,,GTATGCGTTGGATGC,GTATGCGTTGGA,2042303,1333185,313090,33,1.67,good,HCJWGDMXY,1
2892495,DNote22-7151,Notechis,-,SS170822-02,liver,P_ad_hp,EBPCR1+HpaII,E/viduship/17-6-22/013,D4,T/faisal/4-7-22/009,D4,,,CAGATGGTTATATGC,CAGATGGTTATA,2042304,1352607,332396,31,1.60,good,HCJWGDMXY,1
2892496,DNote22-7151,Notechis,-,SS171011-03,liver,P_ad_hp,EBPCR1+HpaII,E/viduship/17-6-22/013,E4,T/faisal/4-7-22/009,E4,,,ACACTTCGTTCTTGC,ACACTTCGTTCT,2042305,1305159,312459,31,2.08,good,HCJWGDMXY,1
2892497,DNote22-7151,Notechis,-,NC_Jan19_273,liver,P_ad_hp,EBPCR1+HpaII,E/viduship/17-6-22/013,F4,T/faisal/4-7-22/009,F4,,,TGTATCGCTTCCAAT,TGTATCGCTTCCAA,2042306,1296415,319556,19,5.35,good,HCJWGDMXY,1
2892498,DNote22-7151,Notechis,-,KLS0490,liver,P_ad_hp,EBPCR1+HpaII,E/viduship/17-6-22/013,G4,T/faisal/4-7-22/009,G4,,,TTAGATACCGCAGGT,TTAGATACCGCAGG,2042307,1297589,320309,26,1.44,good,HCJWGDMXY,1
2892499,DNote22-7151,Notechis,-,VU131,liver,P_ad_hp,EBPCR1+HpaII,E/viduship/17-6-22/013,H4,T/faisal/4-7-22/009,H4,,,GATTCTCAACGGCTT,GATTCTCAACGGCT,2042308,1396495,360956,27,1.77,good,HCJWGDMXY,1
2892500,DNote22-7151,Notechis,-,VU51,liver,P_ad_hp,EBPCR1+HpaII,E/viduship/17-6-22/013,A5,T/faisal/4-7-22/009,A5,,,CTGCATTCCATGCAG,CTGCATTCCA,2042309,1402713,350066,17,1.35,good,HCJWGDMXY,1
2892501,DNote22-7151,Notechis,-,B31,liver,P_ad_hp,EBPCR1+HpaII,E/viduship/17-6-22/013,B5,T/faisal/4-7-22/009,B5,,,GCCTGTGTGTAATGC,GCCTGTGTGTAA,2042310,1201161,188515,18,1.36,downshifted,HCJWGDMXY,1
2892502,DNote22-7151,Notechis,-,R3-490,liver,P_ad_hp,EBPCR1+HpaII,E/viduship/17-6-22/013,C5,T/faisal/4-7-22/009,C5,,,TCGCAACGGAAGTGC,TCGCAACGGAAG,2042311,1436270,317208,39,4.24,good,HCJWGDMXY,1
2892503,DNote22-7151,Notechis,-,HybJ03,liver,P_ad_hp,EBPCR1+HpaII,E/viduship/17-6-22/013,D5,T/faisal/4-7-22/009,D5,,,GCTCCTGTCTTGCAG,GCTCCTGTCT,2042312,1338618,310941,14,1.30,good,HCJWGDMXY,1
2892504,DNote22-7151,Notechis,-,KLS0682,liver,P_ad_hp,EBPCR1+HpaII,E/viduship/17-6-22/013,E5,T/faisal/4-7-22/009,E5,,,TCAGTGTAAGTGCAG,TCAGTGTAAG,2042313,1373529,321654,22,1.00,good,HCJWGDMXY,1
2892505,DNote22-7151,Notechis,-,KLS0686,liver,P_ad_hp,EBPCR1+HpaII,E/viduship/17-6-22/013,F5,T/faisal/4-7-22/009,F5,,,TCTTCCTAGGTTGCA,TCTTCCTAGGT,2042314,1342738,298028,20,0.98,good,HCJWGDMXY,1
2892506,DNote22-7151,Notechis,-,SS171025-01,liver,P_ad_hp,EBPCR1+HpaII,E/viduship/17-6-22/013,G5,T/faisal/4-7-22/009,G5,,,CTCTCTCTCTAGTAT,CTCTCTCTCTAGTA,2042315,1171484,280483,25,1.38,good,HCJWGDMXY,1
2892507,DNote22-7151,Notechis,-,KLS0045,liver,P_ad_hp,EBPCR1+HpaII,E/viduship/17-6-22/013,H5,T/faisal/4-7-22/009,H5,,,CAGATAGCCATGCAG,CAGATAGCCA,2042316,1412540,306852,16,1.00,good,HCJWGDMXY,1
2892508,DNote22-7151,Notechis,-,SS11,liver,P_ad_hp,EBPCR1+HpaII,E/viduship/17-6-22/013,A6,T/faisal/4-7-22/009,A6,,,CATGCATACGCTTGC,CATGCATACGCT,2042317,1337708,299007,14,1.49,good,HCJWGDMXY,1
2892509,DNote22-7151,Notechis,-,KLS0883,liver,P_ad_hp,EBPCR1+HpaII,E/viduship/17-6-22/013,B6,T/faisal/4-7-22/009,B6,,,TCGTATGTCAACTTG,TCGTATGTCAACT,2042318,1409814,295468,26,1.20,good,HCJWGDMXY,1
2892510,DNote22-7151,Notechis,-,VU15,liver,P_ad_hp,EBPCR1+HpaII,E/viduship/17-6-22/013,C6,T/faisal/4-7-22/009,C6,,,TCCTTGTGTATGCAG,TCCTTGTGTA,2042319,1301383,324900,24,1.35,good,HCJWGDMXY,1
2892511,DNote22-7151,Notechis,-,KLS1170,liver,P_ad_hp,EBPCR1+HpaII,E/viduship/17-6-22/013,D6,T/faisal/4-7-22/009,D6,,,ATGTATGTGCCATGC,ATGTATGTGCCA,2042320,1289512,314342,31,2.09,good,HCJWGDMXY,1
2892512,DNote22-7151,Notechis,-,KLS1162,liver,P_ad_hp,EBPCR1+HpaII,E/viduship/17-6-22/013,E6,T/faisal/4-7-22/009,E6,,,GAATAAGTTCGGTGC,GAATAAGTTCGG,2042321,1398171,351291,18,1.53,good,HCJWGDMXY,1
2892513,DNote22-7151,Notechis,-,KLS0793,liver,P_ad_hp,EBPCR1+HpaII,E/viduship/17-6-22/013,F6,T/faisal/4-7-22/009,F6,,,AGGTCGCATTATGCA,AGGTCGCATTA,2042322,1439696,338447,32,1.97,good,HCJWGDMXY,1
2892514,DNote22-7151,Notechis,-,KLS0796,liver,P_ad_hp,EBPCR1+HpaII,E/viduship/17-6-22/013,G6,T/faisal/4-7-22/009,G6,,,GTGGACACCTAGATG,GTGGACACCTAGA,2042323,1439665,347800,32,1.69,good,HCJWGDMXY,1
2892515,DNote22-7151,Notechis,-,HybFa01,liver,P_ad_hp,EBPCR1+HpaII,E/viduship/17-6-22/013,H6,T/faisal/4-7-22/009,H6,,,TGTCGGCGGTCTTGC,TGTCGGCGGTCT,2042324,1498174,302428,15,1.21,downshifted,HCJWGDMXY,1
2892516,DNote22-7151,Notechis,-,BD320,liver,P_ad_hp,EBPCR1+HpaII,E/viduship/17-6-22/013,A7,T/faisal/4-7-22/009,A7,,,CTTGCTCGCAAGATG,CTTGCTCGCAAGA,2042325,1423530,336517,23,1.28,good,HCJWGDMXY,1
2892517,DNote22-7151,Notechis,-,SS171018-02,liver,P_ad_hp,EBPCR1+HpaII,E/viduship/17-6-22/013,B7,T/faisal/4-7-22/009,B7,,,GCTCGGCGATTATGC,GCTCGGCGATTA,2042326,1332845,296548,34,1.97,good,HCJWGDMXY,1
2892518,DNote22-7151,Notechis,-,NC_Jan2019_271,liver,P_ad_hp,EBPCR1+HpaII,E/viduship/17-6-22/013,C7,T/faisal/4-7-22/009,C7,,,CTGTGGTCACGGATG,CTGTGGTCACGGA,2042327,1296388,311462,35,1.81,good,HCJWGDMXY,1
2892519,DNote22-7151,Notechis,-,BD331,liver,P_ad_hp,EBPCR1+HpaII,E/viduship/17-6-22/013,D7,T/faisal/4-7-22/009,D7,,,TTACTCTAGAGGATT,TTACTCTAGAGGAT,2042328,1192861,278936,25,1.72,good,HCJWGDMXY,1
2892520,DNote22-7151,Notechis,-,BD339,liver,P_ad_hp,EBPCR1+HpaII,E/viduship/17-6-22/013,E7,T/faisal/4-7-22/009,E7,,,TCATCTAACATTGCA,TCATCTAACAT,2042329,1388009,330487,20,1.88,good,HCJWGDMXY,1
2892521,DNote22-7151,Notechis,-,R29880,liver,P_ad_hp,EBPCR1+HpaII,E/viduship/17-6-22/013,F7,T/faisal/4-7-22/009,F7,,,GACTACCAACCGTGC,GACTACCAACCG,2042330,1467876,356607,25,2.42,good,HCJWGDMXY,1
2892522,DNote22-7151,Notechis,-,x01018,liver,P_ad_hp,EBPCR1+HpaII,E/viduship/17-6-22/013,G7,T/faisal/4-7-22/009,G7,,,TCCATTACAGTGCAG,TCCATTACAG,2042331,1218017,263916,36,2.74,good,HCJWGDMXY,1
2892523,DNote22-7151,Notechis,-,KLS0871,liver,P_ad_hp,EBPCR1+HpaII,E/viduship/17-6-22/013,H7,T/faisal/4-7-22/009,H7,,,CGGTATGATCGTGCA,CGGTATGATCG,2042332,1364681,310295,25,1.53,good,HCJWGDMXY,1
2892524,DNote22-7151,Notechis,-,MZB12124,liver,P_ad_hp,EBPCR1+HpaII,E/viduship/17-6-22/013,A8,T/faisal/4-7-22/009,A8,,,TTGCAGGATGGTGCA,TTGCAGGATGG,2042333,1247576,196192,19,1.70,downshifted,HCJWGDMXY,1
2892525,DNote22-7151,Notechis,-,KLS0566,liver,P_ad_hp,EBPCR1+HpaII,E/viduship/17-6-22/013,B8,T/faisal/4-7-22/009,B8,,,CAGTGGTTCGTATGC,CAGTGGTTCGTA,2042334,1337671,319772,21,1.16,good,HCJWGDMXY,1
2892526,DNote22-7151,Notechis,-,KLS0872,liver,P_ad_hp,EBPCR1+HpaII,E/viduship/17-6-22/013,C8,T/faisal/4-7-22/009,C8,,,TATGTTGCTATGCAG,TATGTTGCTA,2042335,1292186,280561,18,1.26,good,HCJWGDMXY,1
2892527,DNote22-7151,Notechis,-,VU50,liver,P_ad_hp,EBPCR1+HpaII,E/viduship/17-6-22/013,D8,T/faisal/4-7-22/009,D8,,,CGTCTTCAACGTGCA,CGTCTTCAACG,2042336,1218363,299590,28,2.00,good,HCJWGDMXY,1
2892528,DNote22-7151,Notechis,-,SS170822-03,liver,P_ad_hp,EBPCR1+HpaII,E/viduship/17-6-22/013,E8,T/faisal/4-7-22/009,E8,,,CGTAGTTAGGTGCAG,CGTAGTTAGG,2042337,1457327,256334,22,3.95,downshifted,HCJWGDMXY,1
2892529,DNote22-7151,Notechis,-,SS170808-06,liver,P_ad_hp,EBPCR1+HpaII,E/viduship/17-6-22/013,F8,T/faisal/4-7-22/009,F8,,,ATACCAACTCTCGTG,ATACCAACTCTCG,2042338,1421673,335291,33,2.18,good,HCJWGDMXY,1
2892531,DNote22-7151,Notechis,-,KLS0528,liver,P_ad_hp,EBPCR1+HpaII,E/viduship/17-6-22/013,H8,T/faisal/4-7-22/009,H8,,,TAGATCGTGTTGCAG,TAGATCGTGT,2042340,1355638,309057,22,1.16,good,HCJWGDMXY,1
2892532,DNote22-7151,Notechis,-,KLS0014,liver,P_ad_hp,EBPCR1+HpaII,E/viduship/17-6-22/013,A9,T/faisal/4-7-22/009,A9,,,TATAGAACGCCTTGC,TATAGAACGCCT,2042341,1384105,314215,17,0.99,good,HCJWGDMXY,1
2892533,DNote22-7151,Notechis,-,X01029,liver,P_ad_hp,EBPCR1+HpaII,E/viduship/17-6-22/013,B9,T/faisal/4-7-22/009,B9,,,ATGAGTAGTCTAATG,ATGAGTAGTCTAA,2042342,1465822,300084,32,3.50,good,HCJWGDMXY,1
2892534,DNote22-7151,Notechis,-,FMNH238163,liver,P_ad_hp,EBPCR1+HpaII,E/viduship/17-6-22/013,C9,T/faisal/4-7-22/009,C9,,,CACCTAAGAATGCAG,CACCTAAGAA,2042343,1432242,240764,25,2.71,downshifted,HCJWGDMXY,1
2892535,DNote22-7151,Notechis,-,BD330,liver,P_ad_hp,EBPCR1+HpaII,E/viduship/17-6-22/013,D9,T/faisal/4-7-22/009,D9,,,TATATCACAGATGCA,TATATCACAGA,2042344,1347510,326930,26,2.04,good,HCJWGDMXY,1
2892536,DNote22-7151,Notechis,-,X01033,liver,P_ad_hp,EBPCR1+HpaII,E/viduship/17-6-22/013,E9,T/faisal/4-7-22/009,E9,,,CATTCCTACATCGTG,CATTCCTACATCG,2042345,1390296,281600,26,7.28,good,HCJWGDMXY,1
2892537,DNote22-7151,Notechis,-,NC_Jan2019_227,liver,P_ad_hp,EBPCR1+HpaII,E/viduship/17-6-22/013,F9,T/faisal/4-7-22/009,F9,,,TTGTCCACTATTGCA,TTGTCCACTAT,2042346,1270821,300214,32,1.91,good,HCJWGDMXY,1
2892538,DNote22-7151,Notechis,-,BD325,liver,P_ad_hp,EBPCR1+HpaII,E/viduship/17-6-22/013,G9,T/faisal/4-7-22/009,G9,,,AGAGGACGTAGAGTG,AGAGGACGTAGAG,2042347,1372164,299764,30,2.37,good,HCJWGDMXY,1
2892539,DNote22-7151,Notechis,-,HybJ01,liver,P_ad_hp,EBPCR1+HpaII,E/viduship/17-6-22/013,H9,T/faisal/4-7-22/009,H9,,,CCTAATACTAAGATG,CCTAATACTAAGA,2042348,1356530,327038,26,1.56,good,HCJWGDMXY,1
2892540,DNote22-7151,Notechis,-,BD338,liver,P_ad_hp,EBPCR1+HpaII,E/viduship/17-6-22/013,A10,T/faisal/4-7-22/009,A10,,,TCCTACTAGCAGTTG,TCCTACTAGCAGT,2042349,1300796,281462,33,2.60,good,HCJWGDMXY,1
2892541,DNote22-7151,Notechis,-,KLS1166,liver,P_ad_hp,EBPCR1+HpaII,E/viduship/17-6-22/013,B10,T/faisal/4-7-22/009,B10,,,TGAAGTGTGAATGAT,TGAAGTGTGAATGA,2042350,1269179,311738,36,2.11,good,HCJWGDMXY,1
2892542,DNote22-7151,Notechis,-,KLS0847,liver,P_ad_hp,EBPCR1+HpaII,E/viduship/17-6-22/013,C10,T/faisal/4-7-22/009,C10,,,GTCGTTCATTCCAGT,GTCGTTCATTCCAG,2042351,1287159,239850,15,3.28,downshifted,HCJWGDMXY,1
2892543,DNote22-7151,Notechis,-,UAE275,liver,P_ad_hp,EBPCR1+HpaII,E/viduship/17-6-22/013,D10,T/faisal/4-7-22/009,D10,,,TGACAGAACTTGCAG,TGACAGAACT,2042352,1332912,282860,28,1.93,good,HCJWGDMXY,1
2892544,DNote22-7151,Notechis,-,R37101,liver,P_ad_hp,EBPCR1+HpaII,E/viduship/17-6-22/013,E10,T/faisal/4-7-22/009,E10,,,GACGAGGTGCTGGTG,GACGAGGTGCTGG,2042353,1415873,299451,36,2.79,good,HCJWGDMXY,1
2892545,DNote22-7151,Notechis,-,KLS0941,liver,P_ad_hp,EBPCR1+HpaII,E/viduship/17-6-22/013,F10,T/faisal/4-7-22/009,F10,,,TCGCCGTAGAGGTGC,TCGCCGTAGAGG,2042354,1157937,200950,19,7.05,downshifted,HCJWGDMXY,1
2892546,DNote22-7151,Notechis,-,B33,liver,P_ad_hp,EBPCR1+HpaII,E/viduship/17-6-22/013,G10,T/faisal/4-7-22/009,G10,,,TCCATGGACGATGCA,TCCATGGACGA,2042355,1442323,278055,20,6.53,downshifted,HCJWGDMXY,1
2892547,DNote22-7151,Notechis,-,KLS0048,liver,P_ad_hp,EBPCR1+HpaII,E/viduship/17-6-22/013,H10,T/faisal/4-7-22/009,H10,,,TCGGAATCCAGTGCA,TCGGAATCCAG,2042356,1394264,309574,14,1.10,good,HCJWGDMXY,1
2892548,DNote22-7151,Notechis,-,NC_Jan19_274,liver,P_ad_hp,EBPCR1+HpaII,E/viduship/17-6-22/013,A11,T/faisal/4-7-22/009,A11,,,GACGACCGCTCTAGT,GACGACCGCTCTAG,2042357,1336155,359735,16,4.58,good,HCJWGDMXY,1
2892549,DNote22-7151,Notechis,-,X01020,liver,P_ad_hp,EBPCR1+HpaII,E/viduship/17-6-22/013,B11,T/faisal/4-7-22/009,B11,,,AAGGCGTAACGTGCA,AAGGCGTAACG,2042358,1504909,305735,32,2.84,downshifted,HCJWGDMXY,1
2892550,DNote22-7151,Notechis,-,BD326,liver,P_ad_hp,EBPCR1+HpaII,E/viduship/17-6-22/013,C11,T/faisal/4-7-22/009,C11,,,GTTGACCAGATGCAG,GTTGACCAGA,2042359,1374452,290072,27,2.01,downshifted,HCJWGDMXY,1
2892551,DNote22-7151,Notechis,-,KLS0897,liver,P_ad_hp,EBPCR1+HpaII,E/viduship/17-6-22/013,D11,T/faisal/4-7-22/009,D11,,,TGGAGAGGAGTGCAG,TGGAGAGGAG,2042360,1357740,240446,18,4.35,downshifted,HCJWGDMXY,1
2892552,DNote22-7151,Notechis,-,SS10,liver,P_ad_hp,EBPCR1+HpaII,E/viduship/17-6-22/013,E11,T/faisal/4-7-22/009,E11,,,CCATCTAATGTGCAG,CCATCTAATG,2042361,1263931,283638,16,1.32,good,HCJWGDMXY,1
2892553,DNote22-7151,Notechis,-,X01010,liver,P_ad_hp,EBPCR1+HpaII,E/viduship/17-6-22/013,F11,T/faisal/4-7-22/009,F11,,,TCTCACTTAGTCAGT,TCTCACTTAGTCAG,2042362,1403928,274810,44,9.20,good,HCJWGDMXY,1
2892554,DNote22-7151,Notechis,-,X01011,liver,P_ad_hp,EBPCR1+HpaII,E/viduship/17-6-22/013,G11,T/faisal/4-7-22/009,G11,,,TAGTCTATAGTGCAG,TAGTCTATAG,2042363,1377496,219709,35,17.77,good,HCJWGDMXY,1
2892555,DNote22-7151,Notechis,-,"AK7 x01025",liver,P_ad_hp,EBPCR1+HpaII,E/viduship/17-6-22/013,H11,T/faisal/4-7-22/009,H11,,,ATCTAGCATAATGTG,ATCTAGCATAATG,2042364,1436389,276124,43,5.37,good,HCJWGDMXY,1
2892556,DNote22-7151,Notechis,-,Hydr#33,liver,P_ad_hp,EBPCR1+HpaII,E/viduship/17-6-22/013,A12,T/faisal/4-7-22/009,A12,,,CTCCTAGTTCTTGCA,CTCCTAGTTCT,2042365,1403727,297742,10,3.84,downshifted,HCJWGDMXY,1
2892557,DNote22-7151,Notechis,-,R01028,liver,P_ad_hp,EBPCR1+HpaII,E/viduship/17-6-22/013,B12,T/faisal/4-7-22/009,B12,,,AACGCGGTAGTGCAG,AACGCGGTAG,2042366,1335854,247687,34,5.84,downshifted,HCJWGDMXY,1
2892558,DNote22-7151,Notechis,-,KLS1140,liver,P_ad_hp,EBPCR1+HpaII,E/viduship/17-6-22/013,C12,T/faisal/4-7-22/009,C12,,,CCACTTCGCGAGTGC,CCACTTCGCGAG,2042367,1234758,311876,32,2.75,good,HCJWGDMXY,1
2892559,DNote22-7151,Notechis,-,X010019,liver,P_ad_hp,EBPCR1+HpaII,E/viduship/17-6-22/013,D12,T/faisal/4-7-22/009,D12,,,GTGTAGGTGTTGCAG,GTGTAGGTGT,2042368,1370673,248318,33,3.86,downshifted,HCJWGDMXY,1
2892560,DNote22-7151,Notechis,-,x01031,liver,P_ad_hp,EBPCR1+HpaII,E/viduship/17-6-22/013,E12,T/faisal/4-7-22/009,E12,,,GCTCCAAGGATGCAG,GCTCCAAGGA,2042369,1329556,206516,92,2.94,downshifted,HCJWGDMXY,1
2892561,DNote22-7151,Notechis,-,KLS0327,liver,P_ad_hp,EBPCR1+HpaII,E/viduship/17-6-22/013,F12,T/faisal/4-7-22/009,F12,,,GAGTTCATCTCATTG,GAGTTCATCTCAT,2042370,1256337,278687,26,2.20,good,HCJWGDMXY,1
2892565,DNote22-7151,Notechis,-,SS170809-01,liver,P_ad_hp,EBPCR1+HpaII,E/viduship/17-6-22/012,C1,T/faisal/4-7-22/010,C1,,,ATCAGGAGTGCTGTG,ATCAGGAGTGCTG,2042185,1030101,193229,10,1.45,good,HCJWGDMXY,1
2892566,DNote22-7151,Notechis,-,VU53,liver,P_ad_hp,EBPCR1+HpaII,E/viduship/17-6-22/012,D1,T/faisal/4-7-22/010,D1,,,GCTACTATCGTATGC,GCTACTATCGTA,2042186,967207,230990,12,1.89,good,HCJWGDMXY,1
2892567,DNote22-7151,Notechis,-,KLS0559,liver,P_ad_hp,EBPCR1+HpaII,E/viduship/17-6-22/012,E1,T/faisal/4-7-22/010,E1,,,GTGGCGACCTGTCAT,GTGGCGACCTGTCA,2042187,1074246,227984,7,1.16,good,HCJWGDMXY,1
2892568,DNote22-7151,Notechis,-,"KLS0564 R174540",liver,P_ad_hp,EBPCR1+HpaII,E/viduship/17-6-22/012,F1,T/faisal/4-7-22/010,F1,,,TACCGCTCCATATTG,TACCGCTCCATAT,2042188,843670,159151,17,1.45,downshifted,HCJWGDMXY,1
2892569,DNote22-7151,Notechis,-,KLS0795,liver,P_ad_hp,EBPCR1+HpaII,E/viduship/17-6-22/012,G1,T/faisal/4-7-22/010,G1,,,TTGTCTGGCTGACTT,TTGTCTGGCTGACT,2042189,854526,151748,11,2.36,downshifted,HCJWGDMXY,1
2892570,DNote22-7151,Notechis,-,VU21,liver,P_ad_hp,EBPCR1+HpaII,E/viduship/17-6-22/012,H1,T/faisal/4-7-22/010,H1,,,TATTGAGTAATGCAG,TATTGAGTAA,2042190,1088602,309034,20,1.19,good,HCJWGDMXY,1
2892571,DNote22-7151,Notechis,-,KLS1121,liver,P_ad_hp,EBPCR1+HpaII,E/viduship/17-6-22/012,A2,T/faisal/4-7-22/010,A2,,,GACCGTTCCTGATGC,GACCGTTCCTGA,2042191,1012004,185022,13,1.78,good,HCJWGDMXY,1
2892572,DNote22-7151,Notechis,-,R3178,liver,P_ad_hp,EBPCR1+HpaII,E/viduship/17-6-22/012,B2,T/faisal/4-7-22/010,B2,,,TTCATCCACCGTGCA,TTCATCCACCG,2042192,1258966,260767,10,1.03,good,HCJWGDMXY,1
2892573,DNote22-7151,Notechis,-,VU33,liver,P_ad_hp,EBPCR1+HpaII,E/viduship/17-6-22/012,C2,T/faisal/4-7-22/010,C2,,,AGGCAATGCATATAT,AGGCAATGCATATA,2042193,1035395,219986,24,1.72,good,HCJWGDMXY,1
2892576,DNote22-7151,Notechis,-,SS170810-01,liver,P_ad_hp,EBPCR1+HpaII,E/viduship/17-6-22/012,F2,T/faisal/4-7-22/010,F2,,,AGTTAGTGGCTTCTT,AGTTAGTGGCTTCT,2042196,1090435,245554,22,2.01,good,HCJWGDMXY,1
2892578,DNote22-7151,Notechis,-,KLS0938,liver,P_ad_hp,EBPCR1+HpaII,E/viduship/17-6-22/012,H2,T/faisal/4-7-22/010,H2,,,CCAGTCACAGATATG,CCAGTCACAGATA,2042198,845896,135902,11,1.41,downshifted,HCJWGDMXY,1
2892579,DNote22-7151,Notechis,-,KLS1167,liver,P_ad_hp,EBPCR1+HpaII,E/viduship/17-6-22/013,A3,T/faisal/4-7-22/010,A3,,,TACTTCGCATGGTGC,TACTTCGCATGG,2042293,1153719,300076,26,1.99,good,HCJWGDMXY,1
2892580,DNote22-7151,Notechis,-,KLS1165,liver,P_ad_hp,EBPCR1+HpaII,E/viduship/17-6-22/013,B3,T/faisal/4-7-22/010,B3,,,CGCGAACTCGTTGCA,CGCGAACTCGT,2042294,1109100,265681,20,1.93,downshifted,HCJWGDMXY,1
2892582,DNote22-7151,Notechis,-,BD304,liver,P_ad_hp,EBPCR1+HpaII,E/viduship/17-6-22/013,D3,T/faisal/4-7-22/010,D3,,,AGGCAACGTGTTGCA,AGGCAACGTGT,2042296,1069354,212581,22,1.64,good,HCJWGDMXY,1
2892583,DNote22-7151,Notechis,-,R3-600,liver,P_ad_hp,EBPCR1+HpaII,E/viduship/17-6-22/013,E3,T/faisal/4-7-22/010,E3,,,ATCTATAGTCGTCTT,ATCTATAGTCGTCT,2042297,1130138,203735,21,3.08,downshifted,HCJWGDMXY,1
2892584,DNote22-7151,Notechis,-,NC_Jan2019_213,liver,P_ad_hp,EBPCR1+HpaII,E/viduship/17-6-22/013,F3,T/faisal/4-7-22/010,F3,,,TTCAAGAGCGGTTGC,TTCAAGAGCGGT,2042298,863526,129959,18,1.46,downshifted,HCJWGDMXY,1
2892586,DNote22-7151,Notechis,-,KLS0677,liver,P_ad_hp,EBPCR1+HpaII,E/viduship/17-6-22/013,H3,T/faisal/4-7-22/010,H3,,,TATGAACCTGCGTGC,TATGAACCTGCG,2042300,1070558,215505,10,1.34,good,HCJWGDMXY,1
2892587,DNote22-7151,Notechis,-,KLS0044,liver,P_ad_hp,EBPCR1+HpaII,E/viduship/17-6-22/013,A4,T/faisal/4-7-22/010,A4,,,GATATGGCGTTGCAG,GATATGGCGT,2042301,1119999,255294,17,1.34,good,HCJWGDMXY,1
2892588,DNote22-7151,Notechis,-,SS170816-01,liver,P_ad_hp,EBPCR1+HpaII,E/viduship/17-6-22/013,B4,T/faisal/4-7-22/010,B4,,,ATTACTCGTTCATGC,ATTACTCGTTCA,2042302,1019482,227306,27,2.04,good,HCJWGDMXY,1
2892589,DNote22-7151,Notechis,-,SS170822-01,liver,P_ad_hp,EBPCR1+HpaII,E/viduship/17-6-22/013,C4,T/faisal/4-7-22/010,C4,,,TCGGCAGAACCAATG,TCGGCAGAACCAA,2042303,1170798,284348,24,1.73,good,HCJWGDMXY,1
2892590,DNote22-7151,Notechis,-,SS170822-02,liver,P_ad_hp,EBPCR1+HpaII,E/viduship/17-6-22/013,D4,T/faisal/4-7-22/010,D4,,,TTCAATGAACTTGCA,TTCAATGAACT,2042304,1070108,206075,34,1.70,downshifted,HCJWGDMXY,1
2892591,DNote22-7151,Notechis,-,SS171011-03,liver,P_ad_hp,EBPCR1+HpaII,E/viduship/17-6-22/013,E4,T/faisal/4-7-22/010,E4,,,ATGGACAGAAGTGGT,ATGGACAGAAGTGG,2042305,1086988,262555,25,2.18,good,HCJWGDMXY,1
2892592,DNote22-7151,Notechis,-,NC_Jan19_273,liver,P_ad_hp,EBPCR1+HpaII,E/viduship/17-6-22/013,F4,T/faisal/4-7-22/010,F4,,,GACCATGGCAGGTGC,GACCATGGCAGG,2042306,1140655,301152,21,5.50,good,HCJWGDMXY,1
2892593,DNote22-7151,Notechis,-,KLS0490,liver,P_ad_hp,EBPCR1+HpaII,E/viduship/17-6-22/013,G4,T/faisal/4-7-22/010,G4,,,GACTCGTGTTCGGTG,GACTCGTGTTCGG,2042307,1137628,253836,12,1.32,good,HCJWGDMXY,1
2892594,DNote22-7151,Notechis,-,VU131,liver,P_ad_hp,EBPCR1+HpaII,E/viduship/17-6-22/013,H4,T/faisal/4-7-22/010,H4,,,TACTTAGAAGTATGC,TACTTAGAAGTA,2042308,1165334,259976,14,3.07,good,HCJWGDMXY,1
2894752,DNote22-7151,Notechis,-,HybFa01,liver,P_ad_hp,EBPCR1+HpaII,E/viduship/17-6-22/013,H6,T/sissiv/7-7-22/003,A5,,,TAGCAGGCGAGTTGC,TAGCAGGCGAGT,2042324,1017441,183215,11,1.13,good,HCJWGDMXY,1
2894754,DNote22-7151,Notechis,-,SS170822-03,liver,P_ad_hp,EBPCR1+HpaII,E/viduship/17-6-22/013,E8,T/sissiv/7-7-22/003,C5,,,CCGCTCTGGAGCGAT,CCGCTCTGGAGCGA,2042337,1214786,225807,22,1.88,good,HCJWGDMXY,1
2894759,DNote22-7151,Notechis,-,B33,liver,P_ad_hp,EBPCR1+HpaII,E/viduship/17-6-22/013,G10,T/sissiv/7-7-22/003,H5,,,TGAGAACCTATAAGT,TGAGAACCTATAAG,2042355,1140574,217668,20,4.74,good,HCJWGDMXY,1
2894760,DNote22-7151,Notechis,-,X01020,liver,P_ad_hp,EBPCR1+HpaII,E/viduship/17-6-22/013,B11,T/sissiv/7-7-22/003,A6,,,CAGCATCTATGTCGT,CAGCATCTATGTCG,2042358,1165723,248224,26,2.51,good,HCJWGDMXY,1
2894761,DNote22-7151,Notechis,-,BD326,liver,P_ad_hp,EBPCR1+HpaII,E/viduship/17-6-22/013,C11,T/sissiv/7-7-22/003,B6,,,GTTGGTTATATGCAG,GTTGGTTATA,2042359,1195689,271035,20,1.75,good,HCJWGDMXY,1
2894762,DNote22-7151,Notechis,-,KLS0897,liver,P_ad_hp,EBPCR1+HpaII,E/viduship/17-6-22/013,D11,T/sissiv/7-7-22/003,C6,,,CGCGGTGATATTCTT,CGCGGTGATATTCT,2042360,650556,110984,17,4.37,good,HCJWGDMXY,1
2894763,DNote22-7151,Notechis,-,Hydr#33,liver,P_ad_hp,EBPCR1+HpaII,E/viduship/17-6-22/013,A12,T/sissiv/7-7-22/003,D6,,,TTGACCGACCACGGT,TTGACCGACCACGG,2042365,1087498,235576,12,4.41,good,HCJWGDMXY,1
2894764,DNote22-7151,Notechis,-,R01028,liver,P_ad_hp,EBPCR1+HpaII,E/viduship/17-6-22/013,B12,T/sissiv/7-7-22/003,E6,,,TGTCTGCTTATGCAG,TGTCTGCTTA,2042366,1237429,230992,32,6.08,good,HCJWGDMXY,1
2894765,DNote22-7151,Notechis,-,X010019,liver,P_ad_hp,EBPCR1+HpaII,E/viduship/17-6-22/013,D12,T/sissiv/7-7-22/003,F6,,,ATGCGAGAGAGATTG,ATGCGAGAGAGAT,2042368,1203565,288783,30,4.30,good,HCJWGDMXY,1
2894766,DNote22-7151,Notechis,-,x01031,liver,P_ad_hp,EBPCR1+HpaII,E/viduship/17-6-22/013,E12,T/sissiv/7-7-22/003,G6,,,AAGAAGTCGCAGTGC,AAGAAGTCGCAG,2042369,1275538,225871,97,2.98,good,HCJWGDMXY,1
2894767,DNote22-7151,Notechis,-,KLS0131,liver,P_ad_hp,EBPCR1+HpaII,E/viduship/17-6-22/012,B1,T/sissiv/7-7-22/003,H6,,,ACGTCTGGAGATAGT,ACGTCTGGAGATAG,2042184,951703,185766,21,2.10,good,HCJWGDMXY,1
2894769,DNote22-7151,Notechis,-,KLS0795,liver,P_ad_hp,EBPCR1+HpaII,E/viduship/17-6-22/012,G1,T/sissiv/7-7-22/003,B7,,,ATAACACCTGAAGGT,ATAACACCTGAAGG,2042189,889724,162078,13,2.46,good,HCJWGDMXY,1
2894770,DNote22-7151,Notechis,-,KLS0938,liver,P_ad_hp,EBPCR1+HpaII,E/viduship/17-6-22/012,H2,T/sissiv/7-7-22/003,C7,,,CTGGCAAGGATGCAG,CTGGCAAGGA,2042198,754439,148170,11,1.51,good,HCJWGDMXY,1
2894771,DNote22-7151,Notechis,-,KLS1165,liver,P_ad_hp,EBPCR1+HpaII,E/viduship/17-6-22/013,B3,T/sissiv/7-7-22/003,D7,,,GCTCGCTTCGGTTGC,GCTCGCTTCGGT,2042294,1060294,263825,20,1.95,good,HCJWGDMXY,1
2894773,DNote22-7151,Notechis,-,R3-600,liver,P_ad_hp,EBPCR1+HpaII,E/viduship/17-6-22/013,E3,T/sissiv/7-7-22/003,F7,,,TATTCGCACGAGATT,TATTCGCACGAGAT,2042297,1073236,247075,24,3.35,good,HCJWGDMXY,1
2894774,DNote22-7151,Notechis,-,NC_Jan2019_213,liver,P_ad_hp,EBPCR1+HpaII,E/viduship/17-6-22/013,F3,T/sissiv/7-7-22/003,G7,,,TAGCGTGAACCATGC,TAGCGTGAACCA,2042298,1110043,258171,16,1.55,good,HCJWGDMXY,1
2894775,DNote22-7151,Notechis,-,SS170822-02,liver,P_ad_hp,EBPCR1+HpaII,E/viduship/17-6-22/013,D4,T/sissiv/7-7-22/003,H7,,,CCTTGACACCACGTT,CCTTGACACCACGT,2042304,852689,192392,26,1.70,good,HCJWGDMXY,1
